"1;1;1;1;1;1;1;1;1;0.01;10"
"1;2;2;1;1;2;2;2;1;0.00;9"
"1;3;3;2;1;3;3;1;2;0.01;9"
"1;1;1;1;1;4;4;3;2;0.01;8"
"1;4;4;2;1;5;1;4;2;0.08;9"
"1;5;5;2;2;6;5;4;2;0.01;9"
"1;6;6;2;1;7;6;5;2;0.01;9"
"1;7;3;2;3;8;7;1;3;0.04;10"
"1;4;7;2;1;1;1;4;2;0.12;8"
"1;9;9;2;1;9;6;7;2;0.10;9"
"1;4;6;2;2;10;8;4;2;0.01;9"
"1;10;10;2;1;1;1;1;1;0.01;8"
"1;11;3;1;1;3;9;4;3;0.01;8"
"1;12;11;2;1;11;10;1;2;0.01;8"
"1;4;12;1;1;3;11;1;2;0.01;9"
"1;13;9;1;3;12;9;8;1;0.00;8"
"1;4;9;1;4;13;9;9;3;0.00;9"
"1;7;13;2;1;1;12;3;3;0.01;9"
"1;1;9;2;1;3;4;10;3;0.00;9"
"1;14;7;2;1;14;2;11;1;0.00;10"
"1;14;7;2;1;1;1;3;2;0.05;9"
"1;8;4;2;5;14;2;12;1;0.00;8"
"1;15;6;2;1;11;10;13;3;0.00;9"
"1;1;6;1;6;3;3;1;2;0.01;7"
"1;1;14;2;2;4;13;11;2;0.00;8"
"1;1;14;2;2;15;14;1;2;0.01;8"
"1;1;14;2;1;6;13;11;3;0.00;6"
"1;16;2;2;4;9;6;1;2;0.01;8"
"1;13;5;2;2;6;15;4;2;0.01;7"
"1;15;4;2;1;11;10;14;1;0.00;7"
"1;17;7;3;1;1;16;7;1;0.01;7"
"1;9;9;1;7;16;10;1;1;0.01;6"
"1;12;3;2;2;6;17;3;1;0.01;9"
"1;18;6;1;7;10;18;4;3;0.01;7"
"1;19;3;2;4;9;2;1;2;0.01;8"
"1;20;10;2;1;14;12;4;1;0.01;8"
"1;21;15;2;1;9;14;4;2;0.01;8"
"1;20;4;4;8;6;14;1;2;0.01;7"
"1;1;14;2;4;17;1;4;3;0.01;7"
"1;22;4;2;1;9;2;1;2;0.01;8"
"1;22;4;2;1;9;2;1;2;0.01;8"
"1;5;5;5;9;9;8;1;2;0.01;9"
"1;10;10;2;1;1;19;1;1;0.01;8"
"1;10;10;2;7;9;10;1;2;0.01;8"
"1;1;1;1;1;16;20;1;2;0.01;6"
"1;21;10;6;1;11;10;1;1;0.01;8"
"1;23;16;6;1;9;8;1;2;0.01;9"
"1;21;16;6;1;11;18;1;1;0.01;9"
"1;14;7;2;2;18;21;3;4;0.01;8"
"1;16;15;1;1;6;18;1;2;0.01;8"
"1;24;4;1;1;9;2;3;2;0.01;8"
"1;24;4;1;1;9;2;3;2;0.01;9"
"1;20;15;4;2;6;22;4;3;0.01;8"
"1;25;1;1;1;2;18;3;2;0.02;8"
"1;26;1;1;10;3;3;1;2;0.01;9"
"1;1;1;1;10;3;23;5;2;0.00;8"
"1;25;1;1;10;3;2;15;2;0.00;7"
"1;1;1;1;10;3;3;11;2;0.01;8"
"1;25;1;1;10;3;23;1;2;0.03;9"
"1;25;1;1;11;9;18;1;2;0.03;7"
"1;25;1;7;10;3;23;16;2;0.00;8"
"1;25;1;8;10;3;23;17;2;0.00;7"
"1;27;1;1;10;3;23;1;2;0.03;7"
"1;27;1;1;1;11;10;1;2;0.03;8"
"1;1;1;1;1;6;18;11;2;0.00;8"
"1;27;1;1;4;1;23;1;2;0.02;8"
"1;25;1;1;1;2;18;1;1;0.03;8"
"1;25;1;1;1;2;18;1;1;0.03;8"
"1;25;1;1;1;11;10;1;2;0.03;8"
"1;27;1;1;4;1;23;1;2;0.03;8"
"1;10;10;1;1;3;3;1;2;0.01;9"
"1;1;1;1;1;9;2;4;2;0.01;8"
"1;1;1;1;2;6;16;1;2;0.01;8"
"1;21;6;2;2;6;16;4;2;0.01;8"
"1;28;16;4;9;15;2;1;2;0.01;8"
"1;29;17;2;2;6;13;3;2;0.01;8"
"1;30;4;2;7;9;16;1;4;0.04;8"
"1;1;18;2;7;9;24;18;1;0.01;8"
"1;31;4;2;9;9;13;4;2;0.01;6"
"1;14;7;2;7;9;16;1;2;0.01;8"
"1;14;7;8;7;16;9;11;2;0.00;8"
"1;10;10;1;7;9;18;4;2;0.01;7"
"1;32;19;1;4;1;1;3;5;0.03;7"
"1;33;4;1;1;19;3;19;2;0.00;4"
"1;24;15;1;1;10;10;4;2;0.01;8"
"1;16;9;2;2;18;25;20;2;0.01;9"
"1;34;4;1;7;9;16;3;2;0.01;7"
"1;4;4;1;7;9;13;4;2;0.01;7"
"1;34;4;1;7;9;16;21;2;0.00;8"
"1;34;4;1;7;9;16;11;2;0.00;7"
"1;35;4;4;2;6;13;19;2;0.01;7"
"1;4;11;2;9;9;2;1;2;0.01;8"
"1;14;2;2;1;1;1;1;2;0.03;9"
"1;30;11;2;12;9;26;1;2;0.03;9"
"1;4;18;2;7;16;14;4;2;0.03;8"
"1;20;4;1;2;10;8;1;2;0.01;7"
"1;20;4;1;2;6;13;1;2;0.01;7"
"1;36;10;3;1;9;16;3;2;0.01;7"
"1;4;18;2;7;9;26;4;1;0.03;8"
"1;19;11;2;1;9;2;1;2;0.03;8"
"1;28;4;4;2;19;13;1;3;0.01;6"
"1;12;3;2;1;20;20;1;1;0.01;8"
"1;4;18;2;2;21;25;4;2;0.04;9"
"1;8;19;2;1;1;25;4;2;0.03;9"
"1;37;20;2;13;6;14;1;2;0.01;7"
"1;13;8;4;3;10;27;1;4;0.01;7"
"1;4;5;2;2;6;13;1;2;0.01;8"
"1;38;4;1;4;9;2;1;3;0.01;7"
"1;20;6;4;3;10;27;4;3;0.01;8"
"1;1;5;2;1;22;26;1;2;0.01;7"
"1;14;9;1;1;11;7;1;1;0.03;8"
"1;39;8;2;1;3;1;22;3;0.00;7"
"1;40;10;1;1;3;28;4;1;0.01;8"
"1;41;18;7;1;1;16;3;2;0.02;9"
"1;4;15;2;1;1;1;4;2;0.04;8"
"1;21;3;2;1;6;16;23;1;0.00;7"
"1;1;3;2;1;23;2;1;3;0.01;8"
"1;24;15;2;2;19;16;4;2;0.01;7"
"1;42;11;6;9;6;13;1;2;0.01;8"
"1;21;5;2;7;16;24;4;2;0.01;6"
"1;34;4;1;7;6;16;3;1;0.01;8"
"1;10;10;2;1;9;19;1;1;0.01;8"
"1;43;3;2;2;16;29;1;4;0.01;7"
"1;44;18;3;7;9;16;24;5;0.01;6"
"1;45;4;1;1;1;16;25;2;0.00;10"
"1;46;2;1;1;6;18;4;2;0.01;8"
"1;10;10;9;14;12;30;26;2;0.01;8"
"1;21;2;6;7;9;2;4;2;0.01;8"
"1;47;1;1;1;3;3;1;2;0.01;8"
"1;19;5;4;1;8;7;1;1;0.01;7"
"1;27;8;2;2;5;2;4;2;0.06;9"
"1;48;11;2;15;9;19;1;2;0.01;8"
"1;27;3;2;1;19;31;4;1;0.01;7"
"1;16;18;2;1;1;13;3;2;0.01;7"
"1;32;6;2;1;1;16;3;2;0.01;8"
"1;49;4;2;16;9;13;1;4;0.01;8"
"1;10;10;1;1;19;18;7;2;0.01;8"
"1;10;10;1;1;19;18;7;2;0.01;8"
"1;4;1;1;7;20;13;1;2;0.01;8"
"1;12;4;2;17;24;6;1;4;0.02;8"
"1;50;8;3;1;12;10;4;2;0.01;6"
"1;6;6;2;1;7;2;3;2;0.01;9"
"1;6;6;2;1;7;6;4;2;0.01;9"
"1;6;11;2;1;7;6;14;2;0.00;9"
"1;40;4;1;2;25;7;11;6;0.00;6"
"1;9;9;2;2;19;15;4;2;0.01;8"
"1;24;15;2;2;6;22;11;2;0.00;8"
"1;51;15;2;9;9;13;27;2;0.00;8"
"1;24;15;8;7;9;13;27;2;0.00;8"
"1;21;5;6;2;6;22;1;3;0.01;7"
"1;1;14;8;7;12;20;11;3;0.00;8"
"1;1;14;1;4;9;2;4;2;0.01;8"
"1;1;14;1;2;6;15;3;2;0.01;7"
"1;33;3;2;4;9;13;28;3;0.01;7"
"1;27;10;1;1;22;28;4;3;0.01;8"
"1;52;4;1;7;15;2;29;5;0.00;10"
"1;53;9;2;2;6;22;30;3;0.00;8"
"1;1;2;1;1;1;2;4;2;0.01;9"
"1;54;4;4;7;26;16;11;6;0.00;7"
"1;3;21;1;1;1;1;1;1;0.01;9"
"1;21;6;7;1;1;2;1;2;0.01;7"
"1;21;3;7;1;1;16;3;1;0.01;8"
"1;14;7;6;1;1;19;31;2;0.00;8"
"1;14;5;6;1;1;1;3;2;0.01;8"
"1;55;11;2;9;9;31;1;3;0.09;8"
"1;56;4;1;1;1;1;32;2;0.00;7"
"1;57;4;8;2;10;32;30;6;0.00;6"
"1;58;4;8;2;10;32;11;6;0.00;6"
"1;58;4;8;2;6;32;11;6;0.00;6"
"1;24;15;1;1;9;18;4;2;0.01;8"
"1;4;15;1;1;9;2;33;1;0.00;7"
"1;54;4;1;1;9;32;11;6;0.00;7"
"1;59;18;1;1;1;1;3;3;0.01;7"
"1;8;8;2;7;9;16;1;2;0.09;9"
"1;8;8;2;1;1;1;4;2;0.04;7"
"1;7;4;2;1;8;9;3;3;0.01;8"
"1;24;9;1;1;3;1;3;2;0.00;9"
"1;14;7;1;15;8;9;3;1;0.01;8"
"1;60;4;2;2;27;31;1;1;0.01;7"
"1;7;8;2;1;9;31;1;1;0.01;7"
"1;24;4;2;1;9;2;20;5;0.01;6"
"1;32;3;2;7;9;2;3;5;0.04;9"
"1;4;4;2;7;5;25;1;4;0.01;7"
"1;25;18;2;7;9;2;4;2;0.01;7"
"1;14;2;1;4;1;2;1;2;0.03;9"
"1;8;18;2;1;1;31;4;2;0.02;8"
"1;10;10;7;3;22;10;1;1;0.01;9"
"1;5;4;2;9;9;33;3;2;0.01;8"
"1;20;6;2;2;19;16;4;3;0.01;7"
"1;7;3;2;9;9;2;4;1;0.01;8"
"1;14;7;2;2;28;13;7;2;0.01;7"
"1;14;7;2;2;6;8;3;1;0.02;10"
"1;19;11;2;7;9;16;1;2;0.03;8"
"1;62;4;4;18;4;26;1;2;0.01;7"
"1;53;3;2;2;19;15;4;2;0.01;7"
"1;61;1;2;1;1;1;1;2;0.09;9"
"1;47;8;2;7;9;26;4;2;0.08;8"
"1;32;11;6;7;9;12;3;2;0.04;8"
"1;3;4;1;10;22;9;1;2;0.01;7"
"1;1;22;2;9;9;8;4;2;0.01;9"
"1;5;5;2;19;23;31;1;3;0.01;7"
"1;11;3;2;20;6;34;11;1;0.00;6"
"1;63;4;8;2;17;13;11;2;0.00;7"
"1;63;4;2;2;6;15;4;2;0.01;7"
"1;63;4;2;2;17;13;1;2;0.01;7"
"1;63;4;2;2;17;13;11;2;0.00;7"
"1;7;3;2;2;5;2;4;2;0.04;10"
"1;42;5;3;3;12;20;4;2;0.01;7"
"1;64;3;3;1;6;10;3;1;0.01;9"
"1;63;4;2;7;9;22;30;3;0.00;9"
"1;4;7;2;1;1;1;1;2;0.20;9"
"1;8;10;2;1;8;26;4;1;0.01;8"
"1;65;10;1;4;1;18;3;2;0.01;7"
"1;3;6;1;1;22;2;1;2;0.01;8"
"1;42;5;2;9;6;14;1;2;0.01;7"
"1;66;10;1;1;3;28;4;3;0.01;8"
"1;33;4;1;19;9;15;28;3;0.00;6"
"1;19;4;2;2;19;20;1;3;0.01;8"
"1;34;4;2;2;6;22;1;3;0.01;8"
"1;4;4;3;1;3;1;24;2;0.03;7"
"1;67;17;7;18;14;24;1;1;0.01;8"
"1;4;4;2;7;9;16;4;4;0.03;7"
"1;20;4;4;2;12;13;5;2;0.00;5"
"1;14;7;2;1;22;2;4;2;0.03;8"
"1;27;4;2;1;6;20;3;2;0.01;7"
"1;67;17;8;7;12;10;7;2;0.01;7"
"1;68;6;2;1;5;31;3;2;0.01;8"
"1;69;3;2;1;3;3;4;5;0.03;7"
"1;1;1;6;1;11;10;26;2;0.01;8"
"1;6;4;2;3;24;6;1;2;0.01;7"
"1;43;3;1;2;16;10;35;4;0.01;7"
"1;36;4;1;7;9;2;1;3;0.01;6"
"1;70;4;1;7;6;18;1;2;0.01;6"
"1;1;3;2;1;3;3;3;5;0.02;7"
"1;71;4;2;1;19;3;3;2;0.01;7"
"1;1;6;2;7;9;16;4;2;0.01;7"
"1;1;14;1;6;22;10;31;2;0.00;7"
"1;1;8;2;1;26;16;11;1;0.00;7"
"1;72;4;2;1;1;7;3;2;0.01;6"
"1;1;13;5;2;4;26;36;4;0.03;7"
"1;1;14;1;2;4;13;37;2;0.00;8"
"1;73;18;2;1;9;25;38;3;0.00;5"
"1;74;3;1;2;27;22;1;3;0.01;8"
"1;1;14;1;18;6;7;3;2;0.01;7"
"1;20;4;1;2;4;33;1;2;0.01;6"
"1;67;3;2;21;6;13;1;2;0.01;7"
"1;67;4;8;1;6;6;1;2;0.01;6"
"1;1;14;2;3;29;6;1;2;0.01;7"
"1;75;4;8;1;6;16;32;5;0.00;7"
"1;58;4;8;2;25;35;1;6;0.00;6"
"1;38;20;1;2;19;15;4;2;0.01;7"
"1;63;4;8;19;16;1;11;3;0.00;6"
"1;54;4;1;1;25;4;26;6;0.00;7"
"1;10;4;1;1;19;1;4;3;0.01;6"
"1;14;3;2;9;9;2;1;1;0.01;9"
"1;76;3;1;15;13;4;1;3;0.01;8"
"1;64;1;1;4;9;4;3;2;0.03;8"
"1;4;6;2;9;6;13;1;2;0.01;7"
"1;77;3;2;20;30;7;7;1;0.00;8"
"1;78;13;1;12;31;2;1;4;0.01;6"
"1;1;1;2;3;10;10;3;2;0.01;9"
"1;1;18;2;2;6;13;1;3;0.01;8"
"1;74;19;2;7;9;14;4;4;0.02;8"
"1;4;19;2;7;9;14;4;4;0.02;8"
"1;79;8;2;2;6;13;1;2;0.04;8"
"1;4;11;2;2;4;7;1;2;0.01;8"
"1;24;4;2;2;10;26;39;2;0.01;6"
"1;80;4;2;10;14;2;4;2;0.02;9"
"1;4;6;1;22;6;7;4;1;0.01;9"
"1;4;4;2;1;14;31;4;1;0.01;8"
"1;4;5;2;3;22;25;4;2;0.01;8"
"1;38;5;6;3;11;10;1;2;0.01;7"
"1;32;4;2;4;15;2;3;2;0.01;8"
"1;28;18;2;9;14;2;3;4;0.01;8"
"1;14;7;3;1;3;3;1;2;0.01;7"
"1;65;15;1;2;16;14;40;4;0.01;6"
"1;79;8;1;2;4;21;1;4;0.03;8"
"1;79;8;8;16;16;1;1;4;0.03;8"
"1;79;8;8;2;4;21;1;4;0.03;8"
"1;33;4;8;2;19;14;40;3;0.01;5"
"1;38;5;6;1;6;16;1;2;0.01;8"
"1;38;11;4;1;15;14;1;1;0.01;8"
"1;38;4;6;2;19;14;3;1;0.00;7"
"1;50;8;6;4;6;13;5;3;0.00;7"
"1;14;7;2;1;5;8;11;2;0.00;6"
"1;81;4;3;7;15;2;4;2;0.01;6"
"1;1;14;1;1;19;3;11;3;0.00;6"
"1;30;4;2;2;16;14;1;4;0.00;7"
"1;7;3;6;23;15;11;1;3;0.01;7"
"1;40;4;1;1;1;1;3;2;0.01;7"
"1;1;3;2;2;6;16;41;5;0.00;8"
"1;1;3;2;2;6;16;10;5;0.00;9"
"1;24;4;2;4;1;1;42;2;0.00;7"
"1;13;4;8;1;9;22;1;1;0.01;6"
"1;13;4;1;1;1;1;4;2;0.01;7"
"1;7;4;2;20;20;26;34;3;0.00;8"
"1;1;14;8;1;1;36;3;2;0.00;7"
"1;1;14;1;1;1;36;43;2;0.00;7"
"1;3;5;2;2;27;10;1;1;0.01;8"
"1;1;18;2;7;16;13;42;2;0.00;8"
"1;82;4;2;2;19;13;42;3;0.00;6"
"1;8;10;2;1;3;24;7;3;0.01;7"
"1;83;4;2;3;16;10;4;1;0.01;7"
"1;79;4;8;2;10;25;1;2;0.02;8"
"1;21;6;9;9;22;9;1;2;0.01;9"
"1;4;4;2;24;24;6;4;5;0.03;9"
"1;84;12;1;1;3;28;11;1;0.00;8"
"1;12;6;2;21;6;13;4;2;0.01;8"
"1;38;4;3;7;16;25;11;2;0.00;7"
"1;47;18;2;1;9;12;1;2;0.06;9"
"1;26;2;1;7;6;16;44;2;0.00;7"
"1;38;5;2;2;6;15;4;2;0.01;8"
"1;8;10;2;1;3;24;4;3;0.01;8"
"1;1;1;6;1;11;13;3;2;0.01;8"
"1;1;1;6;1;11;13;3;2;0.01;9"
"1;1;1;6;1;11;13;45;2;0.00;8"
"1;1;1;6;1;11;13;17;2;0.00;8"
"1;25;1;2;1;3;3;3;3;0.01;9"
"1;85;11;2;25;32;19;46;1;0.00;9"
"1;33;4;2;2;19;15;19;3;0.01;7"
"1;53;4;2;1;1;1;26;3;0.00;7"
"1;14;9;1;20;15;34;47;1;0.00;7"
"1;11;18;2;2;6;7;3;2;0.02;8"
"1;17;3;3;1;1;2;34;2;0.00;8"
"1;86;6;1;1;1;2;1;2;0.01;8"
"1;38;4;2;2;19;27;1;3;0.01;7"
"1;45;4;2;1;1;1;23;4;0.00;9"
"1;87;6;3;1;4;16;1;2;0.01;6"
"1;8;4;8;7;9;25;48;2;0.00;8"
"1;24;11;2;7;9;19;1;2;0.01;7"
"1;19;4;2;7;11;10;49;1;0.00;7"
"1;1;14;1;2;11;10;4;2;0.01;7"
"1;1;14;8;2;11;10;11;2;0.00;7"
"1;1;14;8;2;11;10;26;2;0.00;7"
"1;88;1;6;7;9;4;3;2;0.01;7"
"1;13;19;2;2;5;37;26;2;0.00;6"
"1;89;3;3;1;1;1;11;2;0.00;6"
"1;4;9;1;2;5;2;4;2;0.03;9"
"1;65;10;1;7;9;6;6;5;0.00;8"
"1;65;10;1;2;6;21;50;5;0.00;9"
"1;14;2;2;10;9;19;14;2;0.00;8"
"1;69;4;7;7;6;16;51;4;0.00;10"
"1;1;14;1;1;1;23;5;1;0.00;7"
"1;90;4;1;1;1;16;52;3;0.00;5"
"1;61;4;2;7;9;2;1;2;0.01;8"
"1;63;4;4;1;6;25;11;1;0.00;7"
"1;63;4;8;7;6;16;22;2;0.00;6"
"1;4;5;1;15;9;9;4;2;0.02;9"
"1;31;5;1;22;6;13;49;3;0.00;8"
"1;14;7;2;7;9;19;49;2;0.00;7"
"1;1;14;1;2;19;13;53;1;0.00;8"
"1;78;4;8;1;6;25;24;1;0.01;7"
"1;78;4;8;1;6;25;4;2;0.01;7"
"1;91;16;2;7;26;2;54;2;0.00;8"
"1;91;16;2;7;9;12;55;2;0.00;8"
"1;92;4;1;2;16;38;56;3;0.00;6"
"1;93;5;2;2;18;27;3;2;0.01;7"
"1;44;6;2;7;16;19;3;2;0.01;10"
"1;58;13;8;2;19;14;5;3;0.00;6"
"1;94;8;2;1;1;1;57;2;0.00;8"
"1;94;8;2;1;1;1;57;2;0.00;7"
"1;94;8;2;1;1;1;58;2;0.00;8"
"1;8;8;2;7;9;16;12;2;0.00;8"
"1;94;8;2;7;9;16;59;2;0.00;8"
"1;1;9;2;1;11;10;3;1;0.01;9"
"1;76;5;2;2;10;34;4;2;0.01;8"
"1;63;13;4;3;17;13;3;5;0.01;7"
"1;1;14;1;1;11;3;4;2;0.01;7"
"1;88;4;1;3;12;20;60;1;0.00;8"
"1;14;7;6;21;15;2;1;2;0.01;8"
"1;4;4;2;18;3;25;1;4;0.01;8"
"1;36;6;1;1;12;13;1;2;0.01;7"
"1;55;11;2;7;9;26;4;2;0.03;8"
"1;30;4;2;7;21;25;4;2;0.12;8"
"1;4;8;2;1;9;16;4;2;0.10;8"
"1;27;2;1;1;3;23;4;2;0.01;8"
"1;76;4;6;1;1;27;1;1;0.01;9"
"1;76;6;2;2;19;16;4;3;0.01;7"
"1;14;7;1;2;6;27;26;4;0.01;8"
"1;89;6;2;2;27;8;1;2;0.01;8"
"1;40;6;8;1;1;18;61;1;0.00;7"
"1;40;6;8;1;11;10;62;3;0.00;7"
"1;25;15;2;7;9;22;3;1;0.01;7"
"1;21;3;7;7;16;19;63;2;0.00;7"
"1;95;4;1;1;3;3;22;2;0.00;6"
"1;96;3;7;7;8;13;33;1;0.00;6"
"1;97;4;4;7;6;16;11;2;0.00;5"
"1;71;4;3;1;1;2;49;3;0.00;7"
"1;65;4;1;16;9;21;1;4;0.03;8"
"1;98;4;2;3;10;21;1;2;0.01;8"
"1;14;7;2;2;10;21;26;1;0.00;7"
"1;4;17;2;7;9;29;3;4;0.17;7"
"1;34;20;1;2;6;13;3;2;0.01;7"
"1;99;4;4;2;6;15;1;2;0.01;6"
"1;100;6;3;7;9;19;3;2;0.01;6"
"1;45;4;1;7;16;13;29;5;0.00;9"
"1;14;7;1;3;8;14;64;1;0.00;7"
"1;21;4;8;1;1;16;65;2;0.00;6"
"1;4;1;2;2;12;33;4;2;0.20;8"
"1;98;6;2;2;10;8;3;2;0.00;8"
"1;24;5;2;2;6;13;4;2;0.01;8"
"1;101;4;2;7;9;14;1;5;0.03;7"
"1;21;3;2;7;6;4;66;2;0.00;8"
"1;37;4;1;7;9;26;67;4;0.00;9"
"1;1;14;1;2;6;13;34;3;0.00;7"
"1;7;9;1;7;6;16;4;2;0.01;7"
"1;3;9;2;3;3;21;11;2;0.00;8"
"1;4;13;3;1;1;1;1;5;0.15;8"
"1;4;13;3;1;1;1;68;5;0.00;8"
"1;39;10;2;10;3;2;1;1;0.01;8"
"1;27;8;2;26;4;13;1;2;0.03;8"
"1;27;8;2;3;4;13;1;2;0.02;9"
"1;102;5;6;7;9;12;7;2;0.01;8"
"1;102;5;6;7;9;12;1;2;0.01;9"
"1;21;5;6;7;9;14;69;2;0.00;8"
"1;103;11;3;1;3;3;42;1;0.00;5"
"1;34;6;1;2;17;13;4;2;0.01;7"
"1;34;6;1;1;9;10;30;3;0.00;8"
"1;34;6;1;1;9;15;31;3;0.00;8"
"1;7;6;1;1;9;15;11;3;0.00;8"
"1;78;3;7;1;6;16;44;1;0.00;9"
"1;71;4;2;1;3;3;70;2;0.00;7"
"1;87;4;4;3;10;8;20;2;0.01;6"
"1;63;4;4;25;15;8;30;2;0.00;6"
"1;104;4;1;1;6;13;71;2;0.00;7"
"1;30;8;2;1;21;1;1;2;0.01;8"
"1;47;8;1;1;1;1;1;5;0.03;8"
"1;24;5;2;2;6;16;4;1;0.01;7"
"1;28;13;1;7;9;2;28;3;0.01;7"
"1;33;13;1;2;12;13;28;3;0.01;6"
"1;33;13;1;3;10;10;28;2;0.00;6"
"1;28;13;1;2;14;13;28;2;0.00;7"
"1;32;4;2;2;6;25;3;2;0.01;9"
"1;105;2;1;3;20;10;72;2;0.00;6"
"1;24;9;1;1;6;18;73;2;0.00;8"
"1;19;3;3;7;12;10;24;2;0.01;7"
"1;106;4;8;7;12;10;11;2;0.00;6"
"1;24;3;2;2;10;10;4;2;0.01;7"
"1;3;5;1;2;4;10;11;3;0.00;7"
"1;1;3;2;1;9;10;31;2;0.00;7"
"1;1;1;1;1;3;7;1;2;0.01;8"
"1;3;6;1;7;12;10;1;1;0.01;7"
"1;7;12;6;10;3;23;4;2;0.01;9"
"1;40;4;8;1;4;1;30;2;0.00;6"
"1;4;14;1;1;1;1;3;2;0.01;8"
"1;1;1;7;18;12;10;1;2;0.00;5"
"1;20;6;2;2;16;15;1;2;0.01;6"
"1;1;14;1;7;9;22;31;3;0.00;6"
"1;107;3;2;2;33;8;74;1;0.03;8"
"1;20;6;1;7;6;10;3;2;0.01;8"
"1;45;4;2;9;6;13;75;4;0.00;9"
"1;74;8;9;15;14;24;4;1;0.01;8"
"1;28;4;6;2;6;13;1;2;0.00;8"
"1;108;6;2;19;16;13;42;3;0.00;6"
"1;27;8;2;1;1;2;4;2;0.01;9"
"1;14;7;6;2;10;25;1;2;0.01;7"
"1;4;1;1;3;12;20;4;2;0.01;8"
"1;21;3;2;15;15;2;76;2;0.00;7"
"1;14;7;8;1;6;18;4;2;0.01;7"
"1;24;5;2;2;13;9;77;1;0.00;8"
"1;13;4;1;7;9;16;30;2;0.00;7"
"1;46;8;1;1;9;14;1;4;0.03;7"
"1;1;18;1;12;9;2;1;4;0.01;7"
"1;4;18;1;2;10;34;4;2;0.01;7"
"1;1;3;1;7;9;19;1;2;0.01;7"
"1;21;9;4;7;12;10;68;2;0.00;6"
"1;37;4;8;3;10;10;11;3;0.00;7"
"1;1;14;4;2;6;22;1;3;0.01;6"
"1;22;15;6;2;16;13;3;2;0.01;7"
"1;42;16;1;2;4;33;1;2;0.00;7"
"1;4;4;2;3;16;14;1;5;0.02;7"
"1;13;3;1;7;14;24;59;3;0.00;8"
"1;109;3;1;7;8;14;1;1;0.01;7"
"1;110;4;3;7;15;12;52;1;0.00;5"
"1;4;17;8;3;16;24;1;1;0.01;7"
"1;1;14;4;1;9;24;3;3;0.01;7"
"1;63;4;4;3;10;10;11;2;0.00;7"
"1;4;4;2;7;9;14;1;2;0.01;7"
"1;43;11;2;1;9;22;19;3;0.01;6"
"1;55;4;2;2;5;2;3;2;0.01;9"
"1;1;14;1;2;16;14;42;2;0.00;7"
"1;1;3;8;4;9;14;1;2;0.01;7"
"1;63;4;2;7;10;2;1;2;0.01;8"
"1;38;4;2;9;20;2;1;1;0.01;8"
"1;1;3;1;1;1;1;3;2;0.01;7"
"1;16;3;1;7;9;2;3;2;0.01;7"
"1;19;5;2;2;19;13;78;3;0.01;7"
"1;106;4;4;2;6;15;20;2;0.01;6"
"1;38;4;2;2;19;15;4;3;0.01;7"
"1;7;13;2;1;9;4;30;2;0.00;8"
"1;28;16;4;25;15;1;1;2;0.00;8"
"1;7;3;2;6;20;39;4;1;0.01;9"
"1;21;5;5;2;18;27;79;4;0.00;7"
"1;58;4;4;8;10;8;11;3;0.00;6"
"1;53;4;2;7;6;16;11;3;0.00;7"
"1;53;4;2;7;6;16;80;1;0.00;8"
"1;1;14;2;2;6;13;1;2;0.01;7"
"1;35;4;2;2;17;13;3;3;0.01;5"
"1;5;4;9;2;10;8;3;2;0.00;6"
"1;106;4;4;3;10;27;1;2;0.01;7"
"1;1;11;8;7;16;14;3;2;0.01;7"
"1;111;4;8;7;6;16;11;1;0.00;7"
"1;40;4;4;16;9;10;6;2;0.00;4"
"1;20;4;1;18;4;1;7;2;0.01;7"
"1;1;14;8;18;4;13;19;2;0.01;7"
"1;42;13;4;3;17;13;1;2;0.01;6"
"1;112;18;2;4;1;1;1;5;0.03;7"
"1;98;4;2;1;8;12;3;1;0.01;7"
"1;113;3;2;1;31;31;3;2;0.07;8"
"1;63;4;4;8;25;13;11;6;0.00;5"
"1;38;4;1;1;9;2;1;1;0.01;6"
"1;114;4;4;2;6;13;1;2;0.01;7"
"1;115;4;4;2;10;27;11;3;0.00;5"
"1;4;6;1;4;17;23;4;2;0.01;8"
"1;33;4;8;7;4;1;81;2;0.00;4"
"1;19;4;2;2;6;13;40;2;0.00;8"
"1;87;8;4;3;10;26;12;2;0.00;8"
"1;116;4;8;2;27;13;3;7;0.05;8"
"1;19;5;2;2;6;22;11;2;0.00;7"
"1;19;5;2;2;6;13;36;3;0.01;7"
"1;117;4;6;3;10;10;82;3;0.00;8"
"1;118;4;1;2;6;14;83;2;0.02;9"
"1;119;4;4;27;8;40;3;6;0.00;5"
"1;11;4;2;2;10;8;3;4;0.03;7"
"1;120;4;2;3;10;37;42;3;0.00;4"
"1;121;8;10;7;6;17;84;4;0.00;9"
"1;122;4;7;1;3;24;65;3;0.00;7"
"1;123;5;2;27;6;40;85;6;0.00;6"
"1;4;4;2;1;1;1;1;2;0.06;8"
"1;27;8;2;26;4;13;1;2;0.02;8"
"1;124;4;2;2;6;32;85;6;0.00;7"
"1;125;4;11;2;10;10;3;4;0.01;7"
"1;126;20;6;2;6;13;11;3;0.00;6"
"1;87;4;2;3;10;40;11;3;0.00;7"
"1;32;17;12;7;6;16;3;5;0.02;7"
"1;44;4;4;25;18;2;53;1;0.00;6"
"1;36;2;1;1;6;18;86;2;0.00;7"
"1;33;4;8;7;4;1;19;2;0.00;4"
"1;87;4;4;2;6;18;6;2;0.00;6"
"1;127;4;1;1;3;1;27;1;0.00;6"
"1;127;4;1;4;9;22;5;1;0.00;6"
"1;38;4;4;3;16;21;1;2;0.01;7"
"1;1;18;1;19;1;1;11;2;0.00;6"
"1;5;5;2;9;9;2;3;2;0.01;7"
"1;38;3;2;1;11;24;87;1;0.01;9"
"1;55;6;2;7;22;1;59;2;0.00;9"
"1;47;1;1;23;12;20;3;2;0.01;7"
"1;112;4;2;2;19;4;4;1;0.01;7"
"1;18;4;9;2;6;19;88;2;0.00;7"
"1;128;4;8;2;16;8;89;2;0.01;5"
"1;5;5;2;19;9;15;11;3;0.00;3"
"1;28;4;6;3;16;9;3;2;0.00;7"
"1;38;21;1;4;22;9;3;1;0.01;9"
"1;45;1;2;1;1;16;17;3;0.00;6"
"1;28;4;8;7;9;25;90;2;0.00;8"
"1;71;9;2;15;9;9;90;2;0.00;9"
"1;32;4;2;23;6;8;3;2;0.02;8"
"1;33;4;2;2;19;15;19;3;0.00;7"
"1;1;5;1;3;11;41;4;2;0.01;8"
"1;3;11;2;2;6;27;1;5;0.01;6"
"1;129;4;1;2;3;27;4;2;0.01;7"
"1;1;9;2;1;11;10;3;1;0.01;9"
"1;71;9;8;1;1;16;91;2;0.00;8"
"1;130;15;2;1;1;15;42;3;0.00;7"
"1;11;4;2;2;6;10;19;2;0.01;6"
"1;1;14;1;7;6;14;26;2;0.01;7"
"1;8;8;2;1;1;1;1;2;0.16;9"
"1;9;9;2;2;5;25;85;2;0.00;8"
"1;30;9;2;1;5;25;92;2;0.00;8"
"1;5;4;8;2;12;20;26;3;0.00;5"
"1;1;14;8;2;11;13;3;2;0.01;6"
"1;113;4;2;2;6;13;1;3;0.01;6"
"1;113;4;7;10;3;23;26;1;0.06;10"
"1;6;4;2;1;7;2;15;4;0.00;8"
"1;6;6;2;1;7;6;5;3;0.00;8"
"1;63;4;2;2;19;14;93;3;0.00;6"
"1;21;5;1;2;16;27;1;5;0.01;7"
"1;70;10;1;1;9;18;4;2;0.01;6"
"1;4;18;2;1;1;1;94;2;0.00;7"
"1;24;4;6;2;6;15;4;2;0.01;6"
"1;128;4;2;3;34;39;1;1;0.01;6"
"1;20;4;2;2;10;10;1;2;0.01;7"
"1;19;4;2;2;19;27;95;3;0.01;6"
"1;6;4;2;1;9;24;11;2;0.01;8"
"1;14;3;1;7;16;25;1;2;0.03;8"
"1;25;6;2;2;10;8;1;2;0.01;9"
"1;20;16;6;2;22;33;4;2;0.01;9"
"1;38;4;4;8;9;2;26;2;0.01;7"
"1;7;2;2;2;17;13;4;2;0.01;9"
"1;38;4;4;1;1;23;3;1;0.01;6"
"1;20;3;9;3;10;8;3;2;0.01;8"
"1;20;13;4;1;3;2;4;1;0.01;8"
"1;12;8;2;1;9;22;1;3;0.01;8"
"1;8;8;1;7;9;2;4;5;0.03;7"
"1;131;13;3;1;9;12;1;2;0.01;7"
"1;19;9;2;15;9;9;1;2;0.01;9"
"1;5;4;2;2;6;22;1;2;0.01;7"
"1;25;1;1;4;1;23;1;2;0.03;7"
"1;24;4;6;7;9;16;94;2;0.00;8"
"1;21;5;6;7;9;16;90;2;0.00;8"
"1;4;5;6;7;9;16;96;2;0.00;8"
"1;1;5;6;7;9;16;90;2;0.00;8"
"1;21;9;2;2;16;33;5;3;0.00;7"
"1;64;4;1;7;9;16;97;2;0.02;7"
"1;4;6;1;7;6;16;1;2;0.01;7"
"1;47;8;1;7;9;2;3;5;0.03;8"
"1;132;4;2;7;9;11;98;1;0.00;8"
"1;11;4;3;7;6;7;1;2;0.02;7"
"1;7;3;2;12;31;1;4;3;0.03;9"
"1;4;1;1;1;12;13;4;2;0.01;8"
"1;1;11;1;10;6;14;1;2;0.01;8"
"1;19;6;2;2;4;13;1;2;0.01;8"
"1;36;4;4;2;19;13;99;3;0.00;6"
"1;45;11;1;18;13;2;100;2;0.00;8"
"1;1;14;8;1;12;20;101;2;0.00;6"
"1;1;15;2;1;12;20;1;2;0.01;6"
"1;3;1;1;7;12;10;3;4;0.03;9"
"1;109;8;2;1;3;3;57;2;0.00;8"
"1;27;11;2;2;18;21;1;2;0.01;7"
"1;14;2;2;18;9;25;36;2;0.00;8"
"1;1;14;1;7;12;10;4;2;0.01;6"
"1;5;4;1;7;9;31;1;2;0.01;6"
"1;77;4;2;2;19;8;1;3;0.01;8"
"1;30;11;2;7;6;25;1;2;0.01;8"
"1;76;4;2;1;9;24;1;1;0.01;7"
"1;18;4;2;1;7;4;27;3;0.00;7"
"1;4;7;2;1;3;1;1;2;0.11;10"
"1;64;13;2;3;10;10;1;2;0.01;7"
"1;42;16;1;2;4;33;99;2;0.00;6"
"1;38;12;1;2;4;33;1;2;0.00;7"
"1;133;4;8;4;1;18;1;2;0.03;6"
"1;133;10;9;4;1;18;1;2;0.03;7"
"1;1;1;1;1;3;3;1;2;0.03;8"
"1;14;7;1;4;2;2;3;2;0.02;7"
"1;5;4;2;2;3;27;102;2;0.00;6"
"1;38;11;4;15;13;24;1;1;0.01;9"
"1;10;10;9;1;3;28;1;1;0.01;8"
"1;105;18;2;7;9;2;44;2;0.00;7"
"1;1;14;2;1;3;3;69;2;0.00;7"
"1;1;14;8;1;12;10;5;2;0.00;7"
"1;24;4;6;2;19;13;4;2;0.01;8"
"1;5;4;1;2;19;14;1;3;0.01;7"
"1;38;4;6;15;9;2;1;2;0.01;7"
"1;28;3;2;3;16;14;1;5;0.01;6"
"1;37;4;1;1;9;2;11;3;0.00;9"
"1;8;19;2;2;31;21;4;4;0.08;8"
"1;74;2;2;1;3;3;7;1;0.01;8"
"1;73;8;1;7;12;10;4;2;0.02;7"
"1;32;3;6;7;16;1;3;2;0.02;9"
"1;1;6;1;1;1;18;1;2;0.01;8"
"1;134;19;7;7;6;19;1;2;0.01;8"
"1;134;19;8;7;6;19;24;2;0.01;8"
"1;14;7;3;1;1;31;3;2;0.02;7"
"1;4;4;2;18;3;25;1;4;0.01;9"
"1;32;6;2;1;1;16;3;2;0.01;8"
"1;4;4;2;1;1;19;4;2;0.03;8"
"1;17;4;2;1;3;3;1;4;0.03;7"
"1;14;7;2;4;34;27;30;4;0.00;8"
"1;85;4;2;4;31;41;103;3;0.00;8"
"1;1;14;8;1;20;3;3;1;0.01;8"
"1;135;4;3;1;6;31;49;2;0.00;7"
"1;20;20;8;2;19;33;30;3;0.00;6"
"1;136;4;8;1;9;19;26;2;0.01;6"
"1;29;8;6;18;10;1;3;2;0.01;7"
"1;58;4;8;1;9;22;11;3;0.00;5"
"1;34;4;1;1;9;15;3;2;0.01;7"
"1;40;4;1;2;17;18;104;2;0.00;7"
"1;9;9;8;1;9;6;4;2;0.01;9"
"1;27;8;2;7;9;2;1;2;0.02;9"
"1;30;9;2;1;1;1;4;2;0.01;7"
"1;13;9;8;1;9;2;42;1;0.00;6"
"1;88;8;2;1;3;3;3;2;0.02;8"
"1;1;14;1;7;6;25;101;2;0.00;7"
"1;1;14;1;1;3;23;11;3;0.00;8"
"1;1;14;2;16;9;13;1;2;0.00;8"
"1;4;11;3;7;16;10;7;2;0.01;7"
"1;34;6;8;1;2;1;59;2;0.00;8"
"1;28;4;8;2;33;13;11;2;0.00;8"
"1;28;11;2;2;6;13;11;2;0.00;8"
"1;24;4;3;1;9;31;105;2;0.00;4"
"1;8;11;8;1;1;1;106;2;0.00;8"
"1;1;3;2;2;33;8;74;1;0.00;6"
"1;76;9;1;14;4;7;3;1;0.01;8"
"1;21;5;1;9;4;1;1;4;0.00;7"
"1;78;3;2;3;12;10;11;3;0.00;7"
"1;21;5;6;1;1;1;3;2;0.01;8"
"1;21;5;8;7;9;16;1;2;0.01;7"
"1;14;3;6;1;10;26;1;2;0.01;7"
"1;14;3;6;1;10;26;11;1;0.00;7"
"1;4;4;2;3;28;13;1;2;0.02;8"
"1;46;2;1;4;1;9;4;2;0.00;9"
"1;34;4;1;4;1;17;3;1;0.01;7"
"1;1;18;2;7;15;19;30;2;0.00;6"
"1;137;4;3;1;23;10;11;2;0.00;5"
"1;45;4;2;9;6;13;107;4;0.00;8"
"1;47;18;7;7;14;2;65;4;0.00;7"
"1;1;3;1;1;1;19;9;2;0.00;9"
"1;72;4;8;7;9;16;97;2;0.01;7"
"1;130;4;2;14;15;13;11;2;0.00;6"
"1;20;4;8;1;15;14;3;2;0.00;6"
"1;138;13;4;25;15;2;11;2;0.00;6"
"1;116;19;2;9;6;13;3;2;0.03;7"
"1;53;3;2;3;28;13;27;3;0.00;7"
"1;3;9;2;3;28;13;108;3;0.00;7"
"1;78;3;2;1;4;7;87;1;0.00;7"
"1;25;4;2;7;9;22;1;2;0.01;7"
"1;11;4;2;7;9;16;1;2;0.01;7"
"1;76;12;1;26;8;26;3;2;0.01;6"
"1;139;4;12;12;35;2;109;4;0.00;7"
"1;44;8;2;4;1;1;3;2;0.04;8"
"1;63;4;8;1;1;26;26;2;0.00;5"
"1;140;4;8;2;6;22;11;1;0.00;4"
"1;30;9;2;2;6;13;110;5;0.00;6"
"1;19;4;8;1;9;22;89;3;0.01;6"
"1;35;4;3;7;9;19;3;2;0.00;5"
"1;141;4;8;1;1;1;42;5;0.00;5"
"1;11;4;2;2;19;41;74;3;0.01;8"
"1;1;14;2;7;9;18;11;3;0.00;8"
"1;11;4;2;3;10;8;3;2;0.06;9"
"1;88;1;8;7;12;10;3;2;0.03;7"
"1;27;1;1;1;1;18;4;2;0.02;8"
"1;132;4;8;1;14;16;39;3;0.00;8"
"1;34;6;1;1;1;13;21;1;0.00;7"
"1;1;10;7;1;6;20;45;2;0.00;8"
"1;7;3;8;1;1;23;3;2;0.01;8"
"1;5;5;1;4;22;1;1;1;0.01;7"
"1;4;4;2;3;31;6;1;2;0.01;6"
"1;50;8;4;7;8;7;111;1;0.00;7"
"1;52;18;2;9;9;28;3;2;0.03;8"
"1;88;12;1;1;12;20;26;2;0.02;9"
"1;15;12;1;1;2;18;112;1;0.00;9"
"1;25;1;1;1;11;10;113;2;0.00;8"
"1;25;1;1;1;11;10;114;2;0.00;8"
"1;25;1;1;1;11;10;113;2;0.00;8"
"1;27;22;2;2;31;41;4;2;0.08;6"
"1;1;9;1;10;36;2;54;2;0.00;8"
"1;1;9;1;4;22;4;115;2;0.00;8"
"1;63;4;4;3;19;15;3;3;0.01;6"
"1;21;5;7;4;1;1;11;2;0.00;6"
"1;38;6;8;1;2;1;96;3;0.00;7"
"1;40;13;1;19;9;18;3;3;0.01;7"
"1;96;3;7;1;1;12;10;3;0.00;6"
"1;16;11;2;16;1;16;1;2;0.01;7"
"1;7;3;2;3;8;7;6;1;0.00;7"
"1;101;4;2;7;9;14;3;5;0.02;7"
"1;98;13;3;7;9;29;65;5;0.00;8"
"1;98;13;3;1;1;1;12;5;0.00;7"
"1;98;13;3;7;9;29;116;5;0.00;7"
"1;98;13;3;7;9;2;48;5;0.00;8"
"1;4;13;3;7;9;2;41;5;0.00;7"
"1;98;13;3;1;1;1;55;5;0.00;7"
"1;142;8;2;7;16;25;1;5;0.01;7"
"1;1;1;6;10;10;10;34;2;0.00;8"
"1;36;20;2;2;19;14;4;3;0.01;7"
"1;36;20;2;2;10;10;4;3;0.01;7"
"1;36;20;2;4;9;13;6;2;0.00;7"
"1;143;4;1;1;6;16;117;3;0.00;7"
"1;47;8;1;1;1;1;4;5;0.03;8"
"1;7;6;1;1;36;23;1;2;0.01;8"
"1;144;16;1;1;16;14;90;2;0.00;7"
"1;27;8;1;4;1;2;4;5;0.02;7"
"1;4;4;3;7;9;10;1;5;0.03;7"
"1;10;10;1;7;6;16;58;2;0.00;8"
"1;5;4;8;7;6;16;118;2;0.00;7"
"1;5;5;2;3;30;13;4;2;0.01;9"
"1;40;6;8;25;6;10;58;3;0.00;8"
"1;34;6;1;2;17;13;119;3;0.00;8"
"1;7;6;1;1;3;15;85;2;0.00;8"
"1;39;3;7;14;8;26;120;3;0.00;6"
"1;137;4;8;1;1;16;22;1;0.00;6"
"1;60;4;2;4;9;4;64;2;0.00;7"
"1;145;5;8;28;9;18;11;2;0.00;7"
"1;10;10;1;1;6;7;5;2;0.00;6"
"1;4;10;3;1;1;16;1;2;0.01;6"
"1;3;4;2;7;9;25;11;3;0.00;6"
"1;146;4;2;7;9;10;3;3;0.00;6"
"1;147;4;8;1;12;10;68;3;0.00;5"
"1;21;5;2;7;9;16;1;2;0.01;7"
"1;21;5;2;7;9;16;11;3;0.00;6"
"1;28;18;1;7;8;18;28;2;0.03;6"
"1;78;4;8;7;12;10;11;2;0.00;7"
"1;44;4;2;1;14;41;1;1;0.01;6"
"1;69;11;8;7;9;2;45;2;0.01;8"
"1;40;4;1;7;6;10;22;1;0.00;7"
"1;21;5;6;7;9;26;30;2;0.00;8"
"1;1;5;6;7;9;12;30;2;0.00;8"
"1;148;5;6;7;9;12;4;2;0.01;9"
"1;3;5;1;4;9;6;3;2;0.01;6"
"1;63;4;1;1;1;16;64;1;0.00;5"
"1;1;5;2;4;8;9;42;1;0.00;7"
"1;149;4;1;1;3;18;121;3;0.00;7"
"1;24;3;1;4;1;23;3;2;0.01;7"
"1;21;18;2;1;9;4;1;1;0.01;7"
"1;1;14;2;1;1;1;11;3;0.00;7"
"1;1;14;1;1;16;14;11;2;0.00;7"
"1;63;4;3;1;19;31;11;3;0.00;5"
"1;148;4;6;7;9;2;7;2;0.01;7"
"1;4;4;1;1;9;22;103;2;0.00;7"
"1;4;4;1;1;3;3;7;5;0.01;7"
"1;1;3;2;2;6;10;4;2;0.00;7"
"1;1;11;2;1;1;16;1;2;0.01;7"
"1;1;14;7;1;3;15;5;2;0.00;8"
"1;150;4;1;20;20;26;34;2;0.00;7"
"1;35;4;6;2;4;16;1;5;0.01;6"
"1;5;5;6;1;1;15;4;2;0.01;8"
"1;108;4;4;2;10;8;1;2;0.01;7"
"1;19;4;1;7;32;16;1;2;0.01;6"
"1;77;4;8;1;1;16;6;2;0.00;6"
"1;1;14;1;3;16;29;76;4;0.00;7"
"1;11;4;8;3;14;27;122;5;0.00;8"
"1;7;3;2;1;5;41;123;2;0.00;7"
"1;32;10;7;2;20;2;1;3;0.01;9"
"1;88;4;1;1;1;18;112;2;0.00;8"
"1;151;4;1;7;12;10;3;5;0.01;8"
"1;27;8;2;9;9;2;1;4;0.01;7"
"1;99;5;2;3;10;37;85;2;0.00;5"
"1;152;4;2;2;10;2;85;2;0.00;6"
"1;24;4;2;2;6;22;1;2;0.01;7"
"1;4;7;9;1;9;14;3;5;0.03;6"
"1;12;4;2;9;6;13;3;2;0.01;8"
"1;43;3;1;1;1;16;1;2;0.01;6"
"1;153;8;2;1;1;12;22;1;0.00;7"
"1;73;19;2;11;15;12;87;3;0.00;5"
"1;154;4;2;1;9;22;5;1;0.00;6"
"1;1;14;1;7;6;18;4;2;0.01;7"
"1;4;4;8;1;1;1;3;2;0.01;8"
"1;1;14;8;1;9;15;11;2;0.00;7"
"1;37;4;8;1;9;20;42;2;0.00;7"
"1;20;4;1;2;19;13;34;2;0.00;6"
"1;27;8;2;3;4;13;1;2;0.02;8"
"1;15;1;1;11;12;20;123;1;0.00;8"
"1;155;4;2;4;22;9;1;1;0.01;7"
"1;39;3;2;1;15;12;50;3;0.00;6"
"1;156;4;2;1;11;7;1;1;0.01;7"
"1;157;1;3;1;2;18;57;2;0.00;7"
"1;157;1;3;1;1;23;1;2;0.01;7"
"1;4;15;2;7;9;16;1;2;0.01;8"
"1;32;4;1;7;9;19;3;2;0.02;8"
"1;11;4;1;1;1;2;9;2;0.00;5"
"1;53;8;8;7;3;25;65;2;0.00;8"
"1;25;12;1;1;9;18;1;4;0.03;7"
"1;1;14;1;7;2;18;1;2;0.00;6"
"1;158;4;4;3;16;32;11;6;0.00;7"
"1;43;3;1;1;23;2;90;2;0.00;6"
"1;159;3;2;1;26;24;124;3;0.00;6"
"1;1;14;2;1;12;20;47;1;0.00;6"
"1;39;4;2;2;10;22;60;3;0.00;5"
"1;58;4;4;18;25;13;42;6;0.00;6"
"1;24;4;3;7;26;2;26;2;0.00;7"
"1;21;4;8;7;16;14;11;2;0.00;7"
"1;160;18;7;7;14;10;5;2;0.02;8"
"1;52;3;1;18;4;1;64;3;0.00;6"
"1;4;4;2;7;9;16;30;2;0.00;6"
"1;161;4;8;29;11;10;123;3;0.00;5"
"1;161;4;8;29;11;10;47;3;0.00;4"
"1;64;11;1;4;9;4;11;2;0.00;8"
"1;64;1;1;4;9;4;3;2;0.01;8"
"1;1;3;1;4;36;18;125;1;0.00;7"
"1;74;10;1;1;1;30;5;3;0.00;8"
"1;113;11;2;1;3;3;3;2;0.11;8"
"1;28;4;1;1;9;18;47;2;0.00;7"
"1;28;4;1;1;9;18;52;2;0.00;7"
"1;28;4;1;1;9;18;126;2;0.00;7"
"1;25;15;1;7;9;18;3;2;0.01;7"
"1;47;8;1;1;1;1;3;5;0.03;8"
"1;8;1;2;1;3;25;3;2;0.01;6"
"1;14;9;2;6;18;6;24;5;0.03;7"
"1;18;5;2;3;29;37;22;2;0.00;6"
"1;58;4;8;1;1;1;3;6;0.00;6"
"1;8;19;1;7;9;29;3;4;0.01;6"
"1;29;9;8;2;12;10;127;5;0.01;8"
"1;78;4;8;1;1;2;11;1;0.00;7"
"1;8;8;2;2;26;16;1;2;0.01;6"
"1;142;5;2;1;3;24;11;1;0.00;5"
"1;13;4;2;13;8;41;47;1;0.00;5"
"1;162;4;8;1;6;24;128;3;0.00;5"
"1;73;4;8;1;6;24;129;3;0.00;5"
"1;73;4;8;1;6;24;15;3;0.00;5"
"1;1;14;1;4;1;7;1;3;0.00;6"
"1;18;4;1;4;1;18;130;2;0.00;8"
"1;163;4;1;1;1;18;22;2;0.00;7"
"1;70;4;1;1;3;4;11;3;0.00;7"
"1;38;4;1;1;3;4;11;3;0.00;6"
"1;96;3;1;1;1;4;22;1;0.00;8"
"1;164;4;8;7;16;32;111;6;0.00;5"
"1;6;4;8;1;33;10;131;3;0.00;7"
"1;75;6;2;7;22;1;117;2;0.00;9"
"1;165;11;9;2;13;9;81;5;0.00;7"
"1;32;4;2;7;6;19;3;4;0.01;8"
"1;1;11;2;1;9;4;1;2;0.03;8"
"1;29;4;8;4;2;2;3;2;0.01;7"
"1;40;6;1;7;6;24;54;1;0.00;6"
"1;1;1;6;1;11;13;49;2;0.00;8"
"1;58;4;2;1;9;16;28;6;0.00;5"
"1;56;4;2;1;8;12;42;2;0.00;7"
"1;15;4;1;1;11;10;3;2;0.03;7"
"1;15;4;1;7;9;18;11;2;0.00;7"
"1;1;14;8;1;9;2;1;2;0.00;7"
"1;15;4;1;1;3;3;94;2;0.00;7"
"1;115;4;4;18;25;13;11;6;0.00;5"
"1;54;4;7;2;25;33;5;6;0.00;6"
"1;164;4;4;3;25;13;11;6;0.00;6"
"1;166;9;1;21;12;10;78;2;0.00;7"
"1;166;9;1;29;3;25;1;2;0.01;8"
"1;24;4;1;7;9;22;42;3;0.00;5"
"1;167;17;2;1;1;1;3;2;0.01;8"
"1;7;17;2;1;1;1;12;2;0.00;7"
"1;7;4;8;1;1;7;44;3;0.00;7"
"1;7;6;2;1;1;7;44;2;0.00;8"
"1;67;6;2;1;1;7;49;3;0.00;7"
"1;7;17;8;1;1;7;62;1;0.00;8"
"1;7;6;8;1;1;7;117;3;0.00;8"
"1;67;4;8;1;1;7;49;3;0.00;7"
"1;7;4;8;1;1;7;62;2;0.00;7"
"1;7;6;8;1;1;7;49;2;0.00;8"
"1;7;4;8;1;1;7;49;2;0.00;7"
"1;7;4;2;1;1;7;3;3;0.09;9"
"1;7;17;8;1;1;7;50;3;0.00;6"
"1;67;4;2;1;1;7;132;2;0.00;6"
"1;67;4;8;1;1;7;117;2;0.00;9"
"1;7;6;8;1;1;7;62;2;0.00;7"
"1;67;4;8;1;1;7;133;2;0.00;8"
"1;67;4;8;1;1;7;117;3;0.00;7"
"1;7;6;8;1;1;7;49;2;0.00;7"
"1;67;4;8;1;1;7;125;3;0.00;7"
"1;7;6;8;1;1;1;49;3;0.00;7"
"1;7;6;8;1;1;1;62;2;0.00;8"
"1;67;6;8;1;1;7;49;2;0.00;7"
"1;7;6;8;1;1;7;23;2;0.00;8"
"1;40;4;1;7;9;25;11;2;0.00;5"
"1;21;3;8;1;1;16;24;3;0.01;5"
"1;82;4;1;1;3;3;82;3;0.00;6"
"1;40;4;8;7;12;10;11;2;0.00;6"
"1;1;1;1;7;9;2;1;2;0.01;8"
"1;19;4;8;2;10;8;52;2;0.00;6"
"1;113;11;2;9;9;2;3;3;0.05;9"
"1;76;3;1;1;8;12;4;3;0.01;8"
"1;3;20;1;1;1;4;4;2;0.01;7"
"1;168;18;1;1;3;17;21;2;0.01;7"
"1;25;12;1;1;1;23;3;1;0.03;8"
"1;24;12;8;1;1;23;11;3;0.00;6"
"1;1;3;2;4;8;9;45;2;0.00;8"
"1;14;7;2;1;12;8;7;1;0.01;7"
"1;169;4;1;4;1;23;4;2;0.01;7"
"1;52;18;2;1;3;28;47;1;0.00;6"
"1;14;7;2;1;9;7;3;2;0.03;9"
"1;93;5;8;29;11;10;134;2;0.00;7"
"1;4;7;2;1;1;1;4;2;0.06;9"
"1;78;5;2;1;26;16;135;1;0.00;6"
"1;4;18;2;2;6;21;3;4;0.02;9"
"1;4;6;2;2;6;13;7;2;0.06;9"
"1;1;14;1;7;9;16;6;2;0.00;7"
"1;5;4;1;2;27;14;19;3;0.00;7"
"1;170;6;1;1;1;23;1;2;0.01;8"
"1;171;5;2;20;22;9;71;1;0.00;6"
"1;172;4;1;3;28;13;136;4;0.00;7"
"1;60;6;6;1;9;16;3;1;0.01;8"
"1;1;14;2;2;8;26;1;3;0.00;6"
"1;173;4;8;2;27;14;4;5;0.01;7"
"1;173;4;8;7;9;16;89;5;0.00;6"
"1;174;4;8;3;12;20;85;2;0.00;7"
"1;27;4;2;3;8;10;3;1;0.01;6"
"1;175;6;2;7;9;14;3;2;0.01;7"
"1;57;4;4;27;18;6;5;6;0.00;6"
"1;36;6;2;2;4;13;1;2;0.00;7"
"1;1;14;8;30;9;28;101;2;0.00;5"
"1;55;4;2;2;6;13;7;2;0.09;8"
"1;25;4;2;1;3;1;1;2;0.01;7"
"1;64;9;1;9;16;26;3;4;0.01;8"
"1;98;13;3;1;1;1;137;5;0.00;7"
"1;55;13;3;1;1;2;117;5;0.00;8"
"1;168;13;3;7;9;16;138;5;0.00;7"
"1;130;4;1;4;9;18;5;2;0.00;5"
"1;54;4;3;1;19;9;4;3;0.00;4"
"1;28;16;4;9;15;2;1;2;0.01;9"
"1;1;14;4;2;6;13;1;2;0.01;7"
"1;63;13;2;7;4;1;1;4;0.03;7"
"1;79;8;1;1;9;16;1;4;0.03;7"
"1;7;3;2;15;36;9;4;1;0.02;10"
"1;38;15;2;1;16;26;1;2;0.01;8"
"1;19;8;2;1;3;3;3;2;0.01;6"
"1;10;10;2;1;9;20;4;1;0.01;7"
"1;7;4;8;25;24;6;49;2;0.00;7"
"1;7;4;8;25;24;6;49;3;0.00;7"
"1;27;4;2;1;33;19;5;1;0.01;7"
"1;1;1;1;1;1;18;3;2;0.01;6"
"1;1;14;3;29;3;25;42;2;0.00;7"
"1;176;6;2;7;17;1;4;2;0.01;7"
"1;8;8;2;4;22;2;1;4;0.02;8"
"1;8;4;2;3;29;6;1;2;0.06;7"
"1;11;4;8;2;10;2;84;2;0.00;6"
"1;103;13;2;1;3;3;139;2;0.00;7"
"1;93;18;3;2;17;13;1;2;0.01;7"
"1;1;14;2;20;26;26;111;3;0.00;8"
"1;25;11;6;1;4;16;4;2;0.01;8"
"1;40;4;8;2;26;16;85;6;0.00;6"
"1;4;6;2;1;9;31;3;2;0.03;9"
"1;177;5;3;1;3;22;11;3;0.00;4"
"1;4;13;3;1;1;1;1;5;0.11;7"
"1;4;13;3;1;1;1;4;5;0.11;8"
"1;74;17;2;7;4;13;7;4;0.02;8"
"1;27;4;2;1;9;13;1;2;0.01;7"
"1;24;4;4;2;6;13;1;2;0.01;7"
"1;175;4;4;2;17;14;3;2;0.01;6"
"1;4;5;7;2;8;7;3;2;0.01;9"
"1;4;11;2;1;9;2;1;2;0.03;7"
"1;30;11;8;7;12;10;1;2;0.03;6"
"1;1;1;1;1;11;10;1;1;0.01;10"
"1;1;1;1;1;6;19;1;2;0.01;7"
"1;1;11;2;1;9;4;11;2;0.00;8"
"1;20;4;3;7;9;2;4;2;0.01;7"
"1;14;7;4;2;6;15;1;2;0.01;8"
"1;1;14;2;7;26;26;140;2;0.00;6"
"1;98;13;4;2;6;15;1;2;0.01;7"
"1;14;7;2;1;1;20;87;7;0.00;6"
"1;14;7;2;1;12;10;3;1;0.01;6"
"1;1;14;8;2;11;10;5;2;0.00;7"
"1;14;2;1;13;26;19;24;1;0.01;7"
"1;8;4;2;3;34;27;4;2;0.01;8"
"1;5;4;9;2;10;8;4;2;0.01;6"
"1;112;4;2;2;6;13;18;2;0.01;7"
"1;14;7;1;15;8;9;3;1;0.01;9"
"1;1;14;1;1;9;22;30;2;0.00;5"
"1;163;12;8;7;12;10;5;2;0.00;6"
"1;50;6;1;3;19;18;1;3;0.01;7"
"1;10;13;3;1;12;10;1;2;0.01;7"
"1;4;4;2;1;9;25;1;2;0.11;9"
"1;61;1;2;7;9;16;1;2;0.03;8"
"1;19;6;2;3;10;26;1;2;0.01;6"
"1;1;14;2;2;6;41;3;3;0.01;8"
"1;178;4;8;7;6;24;7;1;0.00;5"
"1;4;3;2;1;24;6;1;2;0.03;8"
"1;61;4;2;2;30;13;18;5;0.00;7"
"1;21;5;7;1;3;3;3;2;0.01;7"
"1;24;6;2;19;16;14;6;2;0.00;7"
"1;63;17;2;1;3;3;42;3;0.00;5"
"1;14;9;1;1;16;19;27;1;0.00;5"
"1;22;4;4;19;1;23;34;2;0.00;6"
"1;63;4;8;7;19;18;11;3;0.00;5"
"1;157;4;2;1;26;24;1;1;0.01;6"
"1;73;8;2;1;20;2;3;3;0.01;7"
"1;63;4;1;7;9;16;11;3;0.00;6"
"1;55;4;2;3;14;13;92;3;0.00;7"
"1;73;4;8;1;16;31;27;1;0.00;4"
"1;16;18;2;18;4;21;1;5;0.03;8"
"1;1;14;1;1;9;18;5;3;0.00;5"
"1;1;14;8;1;3;3;3;1;0.00;7"
"1;3;4;2;1;26;22;45;3;0.00;3"
"1;36;6;2;2;10;10;1;2;0.00;7"
"1;64;4;1;1;11;10;3;2;0.01;8"
"1;179;4;1;1;11;10;1;2;0.01;8"
"1;61;4;1;1;11;10;4;2;0.01;8"
"1;1;14;8;2;6;13;56;2;0.00;7"
"1;55;17;8;1;9;16;136;3;0.00;7"
"1;28;4;2;1;3;3;28;3;0.01;7"
"1;73;8;2;1;3;8;3;2;0.01;7"
"1;27;8;8;4;1;26;3;2;0.02;6"
"1;157;4;2;1;3;26;1;2;0.01;5"
"1;69;3;2;1;1;1;24;5;0.03;7"
"1;69;19;2;1;1;1;18;5;0.03;7"
"1;47;4;2;1;1;1;141;4;0.00;7"
"1;21;5;7;1;3;3;11;2;0.00;6"
"1;180;3;8;2;3;25;26;2;0.03;7"
"1;30;4;2;1;24;6;5;4;0.03;8"
"1;133;4;8;1;12;10;1;2;0.03;7"
"1;157;4;3;1;1;20;3;2;0.01;7"
"1;181;4;3;7;6;20;1;2;0.00;6"
"1;4;4;2;1;3;3;3;2;0.03;8"
"1;182;6;4;1;6;18;11;3;0.00;7"
"1;183;3;8;2;16;10;20;4;0.06;7"
"1;98;4;2;1;1;1;18;2;0.01;6"
"1;4;18;2;1;1;28;23;2;0.00;8"
"1;184;10;2;4;20;2;4;1;0.01;8"
"1;185;4;4;3;17;13;3;2;0.00;5"
"1;64;9;8;1;12;10;1;2;0.01;7"
"1;12;6;2;1;1;16;1;1;0.00;7"
"1;74;5;2;12;31;1;7;2;0.01;9"
"1;10;10;12;3;16;19;1;2;0.01;8"
"1;54;4;4;26;25;24;5;6;0.00;5"
"1;1;11;2;1;1;10;1;1;0.01;7"
"1;186;4;2;7;6;24;3;2;0.01;5"
"1;4;4;2;1;1;2;3;2;0.01;7"
"1;4;8;2;1;3;1;1;2;0.03;7"
"1;72;4;2;1;23;12;1;3;0.01;5"
"1;98;13;3;1;1;1;116;5;0.00;7"
"1;4;15;8;1;21;10;18;2;0.03;7"
"1;28;20;8;7;9;22;3;1;0.01;6"
"1;187;4;2;29;3;25;3;7;0.01;5"
"1;4;4;2;1;11;10;1;2;0.01;6"
"1;43;5;8;3;10;21;4;4;0.00;7"
"1;22;4;2;1;9;2;1;2;0.00;8"
"1;146;4;8;2;6;15;42;2;0.00;7"
"1;5;15;2;3;10;8;4;2;0.01;7"
"1;89;4;2;2;19;16;1;2;0.01;8"
"1;188;4;4;2;10;8;36;2;0.00;5"
"1;36;3;3;1;26;16;1;1;0.01;7"
"1;20;4;4;12;6;13;1;2;0.01;7"
"1;4;18;2;2;31;21;1;2;0.03;8"
"1;38;4;3;1;1;14;103;2;0.00;8"
"1;24;6;2;19;16;1;99;2;0.00;7"
"1;1;14;1;1;7;10;99;2;0.00;7"
"1;4;7;2;1;1;1;4;2;0.28;9"
"1;189;17;8;1;1;25;1;2;0.01;8"
"1;190;4;8;4;1;23;3;2;0.02;7"
"1;38;4;2;1;9;31;1;2;0.01;7"
"1;27;4;2;1;36;2;1;1;0.01;5"
"1;112;4;7;15;23;26;22;1;0.01;7"
"1;5;4;8;1;9;33;74;3;0.01;5"
"1;191;4;2;31;1;16;18;4;0.10;8"
"1;186;4;2;1;1;4;7;3;0.01;5"
"1;130;4;8;7;12;10;3;2;0.01;6"
"1;1;1;1;1;3;3;5;2;0.00;8"
"1;43;3;8;2;3;25;28;2;0.00;7"
"1;192;9;8;1;9;16;142;2;0.00;5"
"1;161;4;8;1;1;19;138;1;0.00;5"
"1;67;4;2;1;11;3;49;3;0.00;7"
"1;169;4;2;1;1;20;129;3;0.00;7"
"1;9;9;6;1;1;2;45;2;0.00;7"
"1;54;4;2;1;1;16;11;6;0.00;5"
"1;93;5;6;1;33;16;52;1;0.00;5"
"1;85;4;9;1;1;2;5;2;0.00;7"
"1;34;18;1;1;27;1;18;1;0.01;6"
"1;12;8;2;1;5;25;3;2;0.01;7"
"1;193;4;8;18;11;8;11;2;0.00;5"
"1;194;17;8;1;1;31;58;1;0.00;8"
"1;1;6;1;1;1;18;34;2;0.00;8"
"1;21;4;2;1;1;2;1;2;0.01;5"
"1;1;9;6;1;1;16;57;2;0.00;6"
"1;195;4;9;7;9;19;1;5;0.01;7"
"1;58;4;4;26;25;10;42;6;0.00;7"
"1;39;5;8;2;19;13;64;3;0.00;6"
"1;76;1;1;1;1;18;3;2;0.01;7"
"1;96;3;6;1;13;2;65;3;0.00;6"
"1;88;1;6;1;3;3;57;3;0.00;6"
"1;26;1;6;1;3;3;65;2;0.00;7"
"1;114;4;8;2;27;2;143;2;0.00;7"
"1;114;4;8;2;27;2;123;2;0.00;7"
"1;30;4;3;1;1;2;27;2;0.00;7"
"1;30;4;3;1;1;2;43;2;0.00;7"
"1;7;1;6;1;1;4;5;2;0.00;7"
"1;88;1;6;1;1;1;4;2;0.00;7"
"1;161;4;2;1;1;1;5;2;0.00;7"
"1;4;4;2;1;1;1;4;2;0.01;7"
"1;12;4;4;1;16;14;1;3;0.01;6"
"1;43;4;2;2;16;14;1;2;0.01;8"
"1;38;6;2;3;4;13;1;2;0.01;7"
"1;24;4;1;1;3;23;30;1;0.00;5"
"1;5;4;2;30;31;1;1;2;0.00;8"
"1;38;5;6;1;15;16;49;2;0.00;8"
"1;65;4;2;2;19;15;101;3;0.00;7"
"1;7;3;2;1;1;28;4;3;0.01;8"
"1;40;4;8;29;8;10;129;2;0.00;5"
"1;7;13;3;1;1;18;3;3;0.00;5"
"1;40;4;7;1;1;19;11;1;0.00;7"
"1;4;4;8;1;1;31;1;2;0.01;8"
"1;196;3;2;3;14;25;67;2;0.00;8"
"1;38;13;12;7;35;16;3;5;0.04;7"
"1;32;9;7;1;1;19;3;2;0.01;9"
"1;52;4;7;7;16;14;112;2;0.00;7"
"1;20;13;8;1;16;1;36;2;0.00;8"
"1;63;4;1;1;1;10;5;3;0.00;5"
"1;18;4;2;1;3;9;3;3;0.00;6"
"1;197;4;2;1;3;3;117;1;0.00;4"
"1;58;4;4;7;16;32;11;6;0.00;5"
"1;118;4;4;2;6;22;1;2;0.01;7"
"1;36;4;6;1;3;3;1;5;0.01;7"
"1;106;4;2;3;10;8;5;2;0.00;6"
"1;14;7;8;7;16;29;89;4;0.01;7"
"1;5;5;6;1;1;15;1;2;0.01;8"
"1;32;4;2;3;24;6;3;2;0.01;9"
"1;1;18;2;1;22;1;1;4;0.01;7"
"1;32;4;1;21;10;2;3;2;0.01;8"
"1;14;7;5;9;9;8;1;2;0.01;8"
"1;73;8;8;1;1;1;4;2;0.02;7"
"1;24;4;1;9;9;8;1;4;0.01;8"
"1;198;4;2;1;5;31;52;1;0.00;7"
"1;191;6;4;1;8;26;1;1;0.01;8"
"1;81;10;1;1;11;10;144;2;0.00;6"
"1;128;4;3;3;16;15;1;2;0.01;7"
"1;28;10;9;2;27;10;4;2;0.01;6"
"1;40;4;8;1;1;16;47;3;0.00;5"
"1;63;4;8;1;1;10;3;1;0.00;6"
"1;50;8;1;7;6;13;4;2;0.01;6"
"1;7;3;2;2;6;17;4;1;0.00;7"
"1;46;4;2;7;5;18;3;2;0.02;8"
"1;33;4;1;19;9;15;28;3;0.00;6"
"1;32;17;7;14;6;21;3;4;0.01;8"
"1;39;3;2;1;3;7;50;3;0.00;6"
"1;199;6;8;18;4;8;3;5;0.01;7"
"1;199;6;8;18;4;8;3;5;0.01;7"
"1;4;10;3;18;21;1;1;2;0.01;6"
"1;65;4;8;16;9;21;1;4;0.03;8"
"1;20;16;5;9;9;33;1;2;0.01;8"
"1;38;11;4;15;20;26;1;1;0.01;9"
"1;1;3;2;3;16;17;79;2;0.00;7"
"1;32;15;1;7;9;10;3;2;0.03;7"
"1;32;4;1;7;9;10;3;2;0.01;7"
"1;30;4;2;7;9;16;8;2;0.00;7"
"1;200;1;1;7;12;8;1;4;0.03;7"
"1;4;14;8;7;12;10;1;2;0.01;6"
"1;130;4;8;1;9;18;30;2;0.00;6"
"1;113;4;2;1;1;2;12;2;0.00;8"
"1;62;4;4;18;4;13;11;2;0.00;7"
"1;62;4;4;18;4;13;78;2;0.00;6"
"1;62;4;4;3;16;19;117;2;0.00;8"
"1;62;4;4;18;9;26;18;2;0.00;7"
"1;10;4;4;25;18;37;1;2;0.01;6"
"1;96;5;2;1;9;8;145;3;0.00;8"
"1;32;3;6;7;9;2;3;2;0.02;9"
"1;38;4;1;1;4;1;3;2;0.01;8"
"1;1;1;8;29;11;10;11;2;0.00;7"
"1;40;4;1;2;27;14;146;2;0.00;6"
"1;113;18;2;1;1;1;125;2;0.00;8"
"1;113;18;2;1;1;1;58;2;0.00;8"
"1;113;11;2;1;3;3;58;2;0.00;7"
"1;113;11;2;1;3;3;58;2;0.00;7"
"1;113;4;2;1;3;3;68;2;0.00;8"
"1;113;3;2;1;3;3;147;2;0.00;7"
"1;95;4;1;1;23;31;85;1;0.00;5"
"1;52;13;8;1;1;41;148;1;0.00;6"
"1;79;8;1;1;9;16;3;4;0.03;7"
"1;46;8;1;18;4;1;141;4;0.00;7"
"1;79;8;1;1;16;14;1;4;0.03;8"
"1;3;4;1;1;3;17;149;3;0.00;7"
"1;26;4;3;18;15;19;85;3;0.00;5"
"1;21;4;9;1;1;16;87;2;0.00;6"
"1;105;4;1;7;9;16;5;5;0.00;5"
"1;23;12;2;4;1;1;73;1;0.00;6"
"1;50;4;6;4;1;23;4;2;0.01;7"
"1;17;3;7;4;22;11;49;3;0.00;9"
"1;13;4;1;1;1;1;103;3;0.00;7"
"1;79;8;1;7;6;19;1;4;0.03;8"
"1;24;4;1;1;16;18;20;2;0.02;6"
"1;21;3;1;7;16;24;83;2;0.00;7"
"1;75;17;2;1;1;16;22;2;0.00;7"
"1;132;4;8;2;16;10;150;5;0.01;6"
"1;5;4;2;1;23;22;1;3;0.01;7"
"1;63;4;8;7;4;1;11;4;0.00;7"
"1;8;4;2;1;36;2;151;1;0.00;6"
"1;55;4;12;7;9;2;152;4;0.00;8"
"1;1;14;1;1;3;1;4;2;0.01;7"
"1;106;6;8;1;1;38;3;2;0.00;6"
"1;20;4;2;3;10;27;1;2;0.01;8"
"1;120;4;8;26;16;24;87;1;0.00;3"
"1;25;1;1;10;3;23;59;2;0.00;8"
"1;25;1;1;10;3;23;44;2;0.00;7"
"1;25;1;1;10;3;23;117;2;0.00;8"
"1;109;17;7;1;1;7;3;4;0.01;8"
"1;70;4;8;1;14;2;77;2;0.00;6"
"1;1;14;8;1;16;10;72;4;0.00;7"
"1;8;8;8;29;3;25;3;2;0.04;8"
"1;1;14;8;1;9;18;30;3;0.00;5"
"1;166;4;2;7;9;16;153;5;0.00;6"
"1;201;4;8;19;4;10;34;3;0.00;4"
"1;30;11;2;2;16;21;81;4;0.00;7"
"1;106;6;8;7;6;18;85;2;0.00;6"
"1;14;7;1;2;6;18;33;2;0.00;7"
"1;4;7;1;1;1;1;1;2;0.01;10"
"1;24;15;1;1;12;20;4;2;0.01;8"
"1;7;3;2;13;9;27;3;1;0.01;9"
"1;19;11;2;1;9;4;101;2;0.00;7"
"1;19;4;2;1;9;4;74;2;0.01;7"
"1;27;8;2;7;9;24;1;2;0.03;8"
"1;1;11;2;1;9;2;61;2;0.00;8"
"1;112;11;2;1;9;4;1;2;0.01;8"
"1;6;18;2;3;16;24;57;1;0.00;7"
"1;54;4;1;7;9;32;11;6;0.00;6"
"1;53;9;1;1;9;26;11;1;0.00;6"
"1;14;2;1;1;3;7;1;1;0.01;9"
"1;4;4;2;1;17;1;1;2;0.03;8"
"1;42;4;8;2;10;8;20;2;0.00;6"
"1;200;1;1;4;12;25;30;4;0.00;6"
"1;202;4;12;3;16;13;115;2;0.00;7"
"1;3;6;1;7;6;7;1;2;0.01;8"
"1;203;11;3;1;1;16;1;2;0.01;7"
"1;77;9;1;1;1;1;1;2;0.01;7"
"1;19;8;2;2;10;21;1;2;0.01;9"
"1;11;19;2;4;1;1;1;4;0.02;8"
"1;30;4;2;2;16;14;4;5;0.03;8"
"1;21;1;2;1;6;16;92;1;0.00;7"
"1;112;18;1;2;16;14;1;4;0.03;7"
"1;7;1;8;1;12;20;1;2;0.01;7"
"1;1;14;3;1;1;1;42;2;0.00;6"
"1;37;4;2;1;9;31;4;2;0.00;7"
"1;172;12;2;1;6;10;30;3;0.00;6"
"1;204;4;2;4;1;1;123;2;0.00;5"
"1;72;4;7;18;4;21;90;2;0.00;5"
"1;161;4;1;1;3;1;138;2;0.00;5"
"1;11;9;2;2;36;13;1;3;0.00;6"
"1;13;4;1;1;11;10;67;3;0.00;7"
"1;13;4;1;1;11;10;50;3;0.00;6"
"1;13;4;1;1;11;10;90;3;0.00;6"
"1;13;4;1;1;11;10;122;1;0.00;6"
"1;163;4;1;1;11;10;87;3;0.00;6"
"1;163;4;1;1;11;10;22;3;0.00;6"
"1;13;4;1;1;11;10;11;3;0.00;6"
"1;40;4;1;1;3;3;145;2;0.00;6"
"1;63;4;8;7;9;17;11;2;0.00;5"
"1;116;4;2;7;16;1;1;2;0.02;6"
"1;19;4;2;7;9;5;3;2;0.03;6"
"1;74;8;6;15;18;25;58;2;0.00;7"
"1;130;4;8;7;16;10;22;2;0.00;5"
"1;21;4;6;7;9;22;11;3;0.00;6"
"1;205;13;3;16;9;25;85;3;0.00;5"
"1;53;3;2;1;33;8;11;2;0.00;6"
"1;206;4;2;4;1;23;129;2;0.00;4"
"1;67;4;1;1;3;3;3;2;0.02;7"
"1;1;5;8;1;3;3;11;2;0.00;7"
"1;53;3;2;2;10;21;85;7;0.00;6"
"1;21;4;8;1;12;10;105;2;0.00;5"
"1;78;9;2;1;9;10;5;2;0.00;7"
"1;7;18;2;19;31;16;58;1;0.00;8"
"1;21;4;2;4;1;26;108;2;0.00;6"
"1;21;4;2;4;1;12;96;2;0.00;6"
"1;63;4;2;7;9;27;11;2;0.00;6"
"1;142;4;2;3;28;25;57;2;0.00;6"
"1;4;10;2;2;27;13;1;2;0.01;9"
"1;49;11;4;25;15;2;4;1;0.01;7"
"1;1;14;1;29;11;10;1;2;0.01;7"
"1;94;8;2;1;1;16;49;2;0.00;8"
"1;4;15;8;1;1;1;1;5;0.03;8"
"1;4;15;8;1;1;38;3;5;0.01;7"
"1;4;15;8;1;1;38;47;5;0.00;8"
"1;25;12;1;1;4;16;1;2;0.02;8"
"1;4;4;2;1;24;6;1;4;0.07;8"
"1;116;19;2;1;24;6;11;4;0.01;7"
"1;11;4;8;1;5;25;138;4;0.00;7"
"1;11;4;8;1;5;25;90;4;0.00;7"
"1;11;4;8;1;5;25;91;4;0.00;7"
"1;11;4;8;1;24;6;122;4;0.00;7"
"1;47;4;8;1;24;6;123;4;0.00;7"
"1;105;8;1;1;1;16;65;5;0.00;8"
"1;64;1;1;1;1;18;1;2;0.03;7"
"1;1;14;1;3;10;8;1;2;0.01;8"
"1;207;3;2;1;9;26;1;2;0.01;7"
"1;38;4;6;16;19;1;26;1;0.00;7"
"1;208;4;6;2;15;14;56;2;0.00;7"
"1;58;4;4;3;17;32;11;6;0.00;6"
"1;28;18;3;7;9;16;3;5;0.03;6"
"1;74;18;2;1;1;2;31;2;0.00;9"
"1;123;4;4;18;25;26;11;6;0.00;6"
"1;40;4;8;2;8;13;85;3;0.00;5"
"1;209;4;2;3;10;40;11;3;0.00;6"
"1;4;4;12;7;9;16;1;4;0.04;9"
"1;210;3;9;2;6;16;1;2;0.01;8"
"1;14;7;2;1;1;9;75;1;0.00;9"
"1;211;17;1;1;21;16;1;5;0.03;6"
"1;14;7;2;1;6;20;1;2;0.01;9"
"1;38;2;2;1;22;28;4;2;0.01;7"
"1;30;4;8;7;14;25;1;2;0.01;6"
"1;1;14;8;1;19;1;3;3;0.00;6"
"1;1;3;1;7;9;2;3;4;0.01;9"
"1;28;16;4;9;9;13;1;2;0.01;9"
"1;40;4;8;7;9;26;11;2;0.00;6"
"1;212;17;2;7;36;1;14;2;0.00;8"
"1;27;4;2;2;19;8;14;4;0.00;7"
"1;66;10;1;1;12;10;32;2;0.00;7"
"1;213;3;8;1;8;10;67;1;0.00;7"
"1;18;4;2;9;9;6;22;2;0.00;7"
"1;185;4;8;2;24;6;5;2;0.00;6"
"1;54;4;4;1;1;16;5;6;0.00;6"
"1;54;4;1;27;15;8;11;6;0.00;6"
"1;143;4;8;1;1;16;141;4;0.00;6"
"1;40;6;2;2;4;13;1;2;0.00;8"
"1;25;1;1;1;12;2;1;2;0.01;7"
"1;98;13;3;1;1;2;14;5;0.00;7"
"1;19;8;8;1;1;2;3;2;0.01;8"
"1;76;17;2;15;8;39;3;1;0.01;8"
"1;28;19;2;7;9;16;85;2;0.00;6"
"1;214;4;4;3;25;13;11;6;0.00;5"
"1;123;4;4;1;33;32;11;6;0.00;5"
"1;36;10;1;1;3;18;154;2;0.00;7"
"1;38;3;2;1;14;9;4;3;0.01;8"
"1;40;4;6;3;28;9;90;3;0.00;5"
"1;3;4;2;22;6;9;155;2;0.00;4"
"1;8;8;2;2;3;25;3;2;0.14;8"
"1;8;19;12;3;14;27;3;5;0.03;8"
"1;27;8;1;7;6;14;1;4;0.03;7"
"1;113;4;2;25;18;25;3;2;0.02;7"
"1;141;4;8;1;9;29;78;5;0.02;6"
"1;21;3;7;4;1;2;55;5;0.00;9"
"1;117;4;2;3;14;13;11;3;0.00;8"
"1;63;4;8;1;1;19;3;1;0.02;7"
"1;69;1;1;25;6;10;4;2;0.01;6"
"1;8;8;1;15;14;24;7;1;0.01;9"
"1;105;18;1;1;16;31;102;2;0.00;7"
"1;39;8;1;1;1;16;48;1;0.00;5"
"1;161;4;1;4;2;24;52;3;0.00;3"
"1;14;7;6;1;22;1;1;1;0.01;9"
"1;73;8;2;1;26;24;3;1;0.02;6"
"1;73;8;2;1;6;18;3;2;0.05;8"
"1;25;1;1;10;3;18;1;2;0.03;8"
"1;215;4;8;1;3;18;3;2;0.02;7"
"1;215;4;8;1;6;18;65;2;0.00;6"
"1;30;4;2;2;16;14;1;5;0.03;7"
"1;177;4;1;20;20;10;11;1;0.00;5"
"1;203;18;3;7;9;10;11;5;0.00;7"
"1;133;8;8;4;1;18;4;2;0.05;8"
"1;46;1;1;1;2;18;156;1;0.00;8"
"1;1;1;1;1;2;18;59;2;0.00;9"
"1;24;4;1;7;9;14;78;2;0.01;6"
"1;30;4;1;7;9;16;3;5;0.02;6"
"1;27;4;8;1;12;10;1;2;0.03;7"
"1;4;4;8;7;9;18;18;5;0.02;7"
"1;11;4;8;7;9;16;3;4;0.01;6"
"1;216;4;1;7;12;10;4;2;0.01;7"
"1;176;9;1;7;9;18;90;2;0.00;7"
"1;200;4;2;1;3;22;31;3;0.00;6"
"1;163;4;1;1;1;10;11;1;0.00;6"
"1;13;4;8;1;3;24;108;3;0.00;6"
"1;15;1;1;1;2;18;157;1;0.00;8"
"1;63;4;4;1;19;1;42;1;0.00;6"
"1;63;4;4;8;14;26;3;3;0.01;5"
"1;29;17;1;2;3;27;148;2;0.00;6"
"1;169;4;8;1;10;10;49;5;0.00;6"
"1;217;4;12;7;9;16;158;4;0.00;8"
"1;58;4;1;1;1;32;27;6;0.00;5"
"1;11;4;2;2;19;42;45;3;0.00;5"
"1;78;4;2;1;11;41;27;1;0.00;3"
"1;1;1;8;1;1;10;79;5;0.00;7"
"1;1;14;2;1;3;28;159;2;0.00;9"
"1;1;14;8;2;19;18;11;2;0.00;6"
"1;164;4;1;1;26;32;42;6;0.00;6"
"1;67;17;1;1;1;10;3;4;0.01;7"
"1;63;4;8;1;1;1;52;3;0.00;6"
"1;32;4;7;7;6;19;42;4;0.03;7"
"1;32;4;7;7;14;13;52;4;0.00;7"
"1;4;4;2;1;9;16;7;2;0.03;7"
"1;5;4;8;4;1;19;3;4;0.01;8"
"1;55;4;2;1;13;2;52;3;0.00;5"
"1;112;4;2;26;8;10;73;3;0.00;7"
"1;112;4;2;26;8;10;129;3;0.00;7"
"1;14;7;2;26;8;9;52;3;0.00;6"
"1;80;18;1;1;3;3;1;2;0.03;8"
"1;4;4;8;1;12;10;1;4;0.01;4"
"1;187;5;3;1;1;18;1;3;0.01;5"
"1;11;4;8;7;16;14;52;1;0.00;5"
"1;20;4;9;2;19;14;1;3;0.01;6"
"1;21;4;6;15;15;16;1;2;0.01;7"
"1;218;4;8;18;25;26;11;6;0.00;5"
"1;107;3;1;1;11;10;3;7;0.01;5"
"1;67;4;9;1;1;13;4;2;0.01;8"
"1;219;4;3;1;1;1;1;5;0.06;7"
"1;1;1;1;7;9;16;3;2;0.03;5"
"1;105;8;1;7;9;2;85;5;0.00;8"
"1;55;17;8;7;9;29;148;4;0.00;7"
"1;8;4;2;1;6;25;3;2;0.04;9"
"1;1;14;2;2;6;22;1;1;0.01;7"
"1;30;15;2;1;8;25;4;1;0.01;7"
"1;21;1;8;1;1;1;160;5;0.00;8"
"1;148;4;6;7;9;16;4;2;0.01;8"
"1;64;4;2;4;9;4;11;2;0.00;6"
"1;1;2;1;1;1;19;70;1;0.00;9"
"1;200;4;8;25;3;41;138;2;0.00;7"
"1;1;14;8;3;3;41;11;2;0.00;7"
"1;6;4;2;1;3;3;50;2;0.00;6"
"1;72;4;8;1;16;10;133;1;0.00;6"
"1;202;3;2;7;16;29;49;4;0.00;8"
"1;202;4;2;7;35;16;56;4;0.00;6"
"1;202;3;2;7;16;29;12;4;0.00;7"
"1;58;4;4;18;17;32;11;6;0.00;7"
"1;58;4;4;18;17;32;11;6;0.00;7"
"1;1;9;8;1;12;10;161;1;0.00;9"
"1;1;9;8;1;12;7;162;1;0.00;9"
"1;27;22;2;4;9;41;61;4;0.00;8"
"1;8;4;2;1;1;10;1;3;0.02;8"
"1;63;5;8;1;12;20;5;2;0.00;5"
"1;169;4;1;7;6;16;104;4;0.00;7"
"1;24;15;2;2;4;41;40;1;0.00;7"
"1;113;4;8;2;6;13;101;2;0.00;7"
"1;113;4;8;2;10;2;69;2;0.00;8"
"1;40;4;8;1;12;10;138;2;0.00;6"
"1;18;4;6;10;28;1;21;2;0.00;5"
"1;220;4;8;2;25;35;22;6;0.00;6"
"1;27;22;2;7;9;16;39;5;1.00;8"
"1;4;7;2;1;1;1;59;2;0.00;8"
"1;24;5;8;1;1;1;42;2;0.00;6"
"1;24;5;8;1;1;1;139;2;0.00;6"
"1;44;20;4;8;6;13;3;3;0.01;6"
"1;205;4;4;1;26;16;85;6;0.00;5"
"1;221;4;4;1;16;32;123;6;0.00;4"
"1;78;4;8;1;3;23;15;2;0.00;5"
"1;40;4;8;1;1;31;11;2;0.00;6"
"1;47;1;8;1;1;18;4;5;0.02;8"
"1;67;4;8;2;6;13;3;2;0.01;8"
"1;183;4;8;2;4;16;1;5;0.03;7"
"1;11;4;8;3;10;6;23;2;0.00;7"
"1;11;4;8;3;18;6;71;2;0.00;7"
"1;21;6;6;8;9;22;1;3;0.01;7"
"1;44;3;11;9;28;2;1;2;0.01;7"
"1;39;8;2;7;9;22;26;3;0.00;7"
"1;27;19;2;7;9;25;3;2;0.02;6"
"1;5;4;2;2;27;27;1;1;0.01;8"
"1;4;4;1;1;3;33;1;2;0.01;7"
"1;55;17;2;7;22;1;34;2;0.00;8"
"1;1;1;12;11;12;20;3;1;0.00;6"
"1;40;4;8;1;12;10;4;2;0.01;5"
"1;137;4;2;16;1;1;42;2;0.00;5"
"1;35;4;4;7;6;16;3;2;0.01;6"
"1;13;4;1;1;19;3;11;2;0.00;5"
"1;215;4;2;19;31;1;136;3;0.00;6"
"1;120;4;8;1;9;22;11;3;0.00;6"
"1;37;4;8;7;19;16;11;3;0.00;5"
"1;11;4;8;30;1;16;52;3;0.00;5"
"1;62;4;8;4;17;2;11;5;0.00;6"
"1;62;4;8;7;9;2;11;5;0.00;6"
"1;62;4;8;4;17;2;11;5;0.00;6"
"1;62;4;8;18;3;21;11;5;0.00;6"
"1;222;4;8;3;16;7;11;2;0.00;5"
"1;27;4;2;3;14;13;1;2;0.02;8"
"1;32;12;8;7;14;13;3;4;0.03;7"
"1;1;19;7;9;14;2;3;4;0.03;8"
"1;55;4;2;2;34;27;1;2;0.01;6"
"1;8;19;7;9;6;21;1;4;0.02;8"
"1;8;19;8;3;14;17;4;4;0.02;8"
"1;47;11;2;3;21;7;4;2;0.01;8"
"1;4;4;2;18;3;25;85;4;0.00;9"
"1;180;11;1;2;10;8;1;4;0.01;6"
"1;168;4;8;2;18;25;24;4;0.01;6"
"1;67;17;7;31;31;1;3;4;0.01;7"
"1;198;4;8;7;35;27;3;4;0.01;6"
"1;25;1;1;1;11;10;1;1;0.01;9"
"1;4;1;1;1;2;18;3;2;0.03;9"
"1;10;10;2;1;3;3;6;2;0.00;8"
"1;24;4;3;7;14;30;68;2;0.00;5"
"1;78;4;8;1;3;24;47;3;0.00;5"
"1;14;7;6;1;22;26;50;1;0.00;8"
"1;142;3;2;7;28;1;117;4;0.00;8"
"1;24;4;4;3;19;13;3;2;0.01;7"
"1;76;9;1;15;20;10;3;2;0.01;8"
"1;25;1;1;1;3;3;1;2;0.03;7"
"1;24;1;8;1;1;2;124;2;0.00;5"
"1;24;1;8;1;1;2;129;2;0.00;5"
"1;24;1;8;1;12;10;129;2;0.00;6"
"1;38;4;2;2;5;22;3;2;0.01;7"
"1;76;4;6;1;3;16;1;2;0.01;7"
"1;93;5;1;29;11;10;1;2;0.01;7"
"1;24;4;2;2;27;8;1;1;0.01;9"
"1;3;4;8;1;3;3;33;5;0.00;6"
"1;6;4;2;1;7;41;3;2;0.01;8"
"1;58;4;4;8;6;13;3;2;0.01;6"
"1;58;4;4;3;17;32;11;6;0.00;5"
"1;67;3;7;7;22;19;1;2;0.01;9"
"1;4;4;7;1;1;18;4;5;0.01;7"
"1;166;4;7;1;1;18;4;5;0.01;7"
"1;223;4;7;1;11;10;100;3;0.00;5"
"1;46;4;8;31;9;10;153;5;0.00;7"
"1;46;4;8;2;35;10;76;5;0.00;7"
"1;46;4;8;2;35;10;101;5;0.00;7"
"1;46;4;8;4;1;1;76;5;0.00;7"
"1;46;4;8;2;16;29;53;5;0.00;8"
"1;46;4;8;2;16;29;53;5;0.00;7"
"1;46;4;8;31;1;16;101;5;0.00;6"
"1;46;4;8;31;1;16;101;5;0.00;7"
"1;46;4;8;31;1;16;101;5;0.00;6"
"1;46;4;8;31;1;16;101;5;0.00;7"
"1;46;4;8;7;9;16;101;5;0.00;7"
"1;27;22;8;31;16;1;85;5;0.00;8"
"1;27;22;8;7;16;29;123;5;0.00;7"
"1;46;4;8;2;35;16;99;5;0.00;7"
"1;67;4;8;7;9;16;56;5;0.00;7"
"1;27;4;8;7;9;16;41;5;0.00;8"
"1;27;22;8;7;9;16;12;5;0.00;7"
"1;27;22;8;7;16;29;49;5;0.00;8"
"1;27;22;8;7;9;16;163;5;0.00;7"
"1;46;4;8;7;9;16;23;5;0.00;8"
"1;27;22;8;7;9;16;112;5;0.00;8"
"1;40;4;1;2;25;10;11;6;0.00;7"
"1;112;9;2;1;1;2;11;1;0.00;9"
"1;3;9;3;1;11;10;1;2;0.02;7"
"1;1;14;1;1;22;41;129;1;0.00;6"
"1;1;14;8;1;27;1;22;3;0.00;7"
"1;1;1;1;1;3;3;16;2;0.00;7"
"1;88;1;6;1;3;3;164;1;0.00;7"
"1;7;4;2;1;36;39;84;3;0.00;6"
"1;1;14;8;1;9;10;1;2;0.01;6"
"1;224;15;2;1;12;7;1;2;0.01;7"
"1;219;4;1;1;1;23;1;2;0.01;7"
"1;4;3;3;1;35;16;3;5;0.01;5"
"1;88;1;2;1;3;3;165;3;0.00;7"
"1;28;4;2;1;3;1;74;2;0.01;6"
"1;34;4;1;2;4;33;99;2;0.00;7"
"1;126;4;2;1;36;2;120;1;0.00;6"
"1;14;3;1;1;9;14;89;4;0.01;5"
"1;225;5;2;2;19;15;42;3;0.00;4"
"1;4;13;8;2;16;10;3;4;0.04;8"
"1;7;13;2;1;23;2;42;3;0.00;4"
"1;40;13;2;1;5;2;1;2;0.01;6"
"1;20;5;5;2;18;41;1;2;0.01;8"
"1;39;4;8;1;15;1;11;2;0.00;8"
"1;44;6;1;1;11;10;166;2;0.00;7"
"1;226;4;2;1;1;2;26;5;0.11;8"
"1;8;19;2;9;16;2;152;4;0.00;7"
"1;9;9;8;1;9;6;4;2;0.00;9"
"1;39;5;2;1;1;10;45;3;0.00;6"
"1;227;4;1;4;6;16;68;5;0.00;8"
"1;228;6;1;1;3;18;117;2;0.00;9"
"1;52;4;2;1;1;1;4;2;0.01;9"
"1;4;3;8;7;4;1;3;4;0.03;7"
"1;3;3;8;1;16;14;167;4;0.00;8"
"1;23;3;8;1;1;10;3;2;0.01;6"
"1;89;6;2;1;16;25;1;2;0.01;7"
"1;1;14;2;1;3;24;30;1;0.00;6"
"1;229;4;3;1;1;12;85;7;0.00;2"
"1;229;4;3;1;11;3;99;7;0.00;3"
"1;229;4;3;1;1;16;1;7;0.00;3"
"1;78;5;8;1;1;1;129;2;0.00;5"
"1;5;4;1;15;20;26;1;2;0.01;6"
"1;63;4;3;1;1;16;5;2;0.00;5"
"1;230;4;12;7;16;21;1;4;0.01;7"
"1;3;3;2;1;11;10;80;1;0.00;5"
"1;4;4;2;1;21;25;3;5;0.03;7"
"1;38;5;6;1;6;16;1;2;0.01;8"
"1;4;19;2;6;1;29;7;5;0.03;6"
"1;231;4;2;2;19;8;119;2;0.00;5"
"1;232;4;2;1;9;8;6;4;0.00;6"
"1;169;4;1;4;1;23;168;4;0.00;7"
"1;30;10;1;1;6;16;3;3;0.01;7"
"1;40;4;2;1;33;25;22;1;0.00;7"
"1;180;1;8;29;3;25;1;2;0.03;8"
"1;174;4;1;7;4;16;1;4;0.03;7"
"1;67;4;8;31;31;16;28;4;0.04;7"
"1;233;4;8;7;9;16;169;2;0.09;6"
"1;32;4;12;31;14;2;3;4;0.02;7"
"1;4;4;9;7;16;1;4;4;0.03;8"
"1;88;1;8;7;6;18;1;5;0.02;8"
"1;26;1;1;1;3;1;1;4;0.02;8"
"1;116;4;3;1;1;16;1;4;0.02;7"
"1;98;19;12;7;16;14;3;4;0.03;8"
"1;4;4;12;7;35;16;3;4;0.03;7"
"1;8;19;7;7;31;19;4;4;0.01;9"
"1;67;4;8;9;1;2;163;5;0.00;7"
"1;46;4;2;3;4;21;1;4;0.03;8"
"1;172;19;8;7;9;19;1;4;0.04;7"
"1;78;5;8;1;9;18;46;2;0.00;5"
"1;58;4;4;7;16;32;11;6;0.00;5"
"1;78;5;1;1;9;18;42;2;0.00;5"
"1;98;13;3;1;1;1;49;5;0.00;8"
"1;53;18;2;1;1;26;62;2;0.00;8"
"1;20;8;2;1;9;31;1;1;0.02;8"
"1;1;1;1;1;11;10;1;1;0.01;10"
"1;5;4;8;32;19;31;89;3;0.00;7"
"1;67;4;8;1;3;23;129;3;0.00;6"
"1;234;4;2;1;6;25;1;2;0.03;10"
"1;4;4;2;2;4;8;1;5;0.03;8"
"1;42;4;4;15;6;13;1;2;0.01;9"
"1;12;4;4;3;10;8;3;2;0.01;8"
"1;1;5;4;3;10;8;1;2;0.01;8"
"1;1;14;3;16;1;16;6;2;0.00;7"
"1;112;3;2;9;15;7;1;5;0.01;7"
"1;8;12;2;1;3;1;4;2;0.03;7"
"1;235;4;4;22;16;32;11;6;0.00;5"
"1;236;4;4;1;12;32;11;6;0.00;5"
"1;237;1;2;1;3;1;77;2;0.00;9"
"1;1;8;1;7;16;29;103;5;0.00;7"
"1;24;4;2;9;9;8;1;2;0.01;8"
"1;238;10;2;4;6;42;26;2;0.01;7"
"1;3;6;6;7;16;19;1;2;0.01;9"
"1;24;4;4;2;19;7;78;2;0.01;4"
"1;203;4;8;1;12;20;98;2;0.00;8"
"1;65;4;3;7;16;14;3;2;0.01;7"
"1;78;4;1;7;11;12;67;2;0.00;4"
"1;200;4;8;11;12;2;123;2;0.00;4"
"1;141;4;1;1;1;18;1;1;0.01;8"
"1;70;4;2;3;14;24;123;3;0.00;6"
"1;13;4;6;7;22;24;52;1;0.00;5"
"1;7;3;2;15;9;12;4;1;0.01;8"
"1;89;6;2;2;18;41;1;2;0.01;8"
"1;123;4;4;1;25;24;11;6;0.00;7"
"1;10;10;2;8;9;13;3;3;0.01;7"
"1;53;3;2;15;36;9;170;1;0.00;8"
"1;169;3;2;3;16;19;90;3;0.00;7"
"1;21;3;8;4;2;2;47;2;0.00;7"
"1;19;11;2;1;9;4;1;2;0.01;8"
"1;74;4;2;2;18;26;4;2;0.01;8"
"1;7;3;2;6;20;41;4;1;0.01;9"
"1;111;4;8;7;6;16;73;1;0.00;7"
"1;52;4;9;7;14;25;1;2;0.03;8"
"1;113;4;7;1;6;20;96;2;0.00;6"
"1;45;4;7;1;2;20;49;2;0.00;9"
"1;8;4;2;1;22;13;4;2;0.03;7"
"1;239;4;8;1;16;14;7;1;0.00;5"
"1;78;4;8;25;9;10;11;3;0.00;5"
"1;194;17;8;1;1;2;171;1;0.00;7"
"1;192;4;9;1;3;12;1;2;0.02;6"
"1;240;4;8;2;25;35;85;6;0.00;5"
"1;80;4;2;1;3;3;1;4;0.03;8"
"1;80;18;2;2;5;2;4;4;0.01;7"
"1;40;4;8;7;12;19;31;2;0.00;6"
"1;67;4;2;1;1;16;26;2;0.00;6"
"1;232;4;1;1;16;18;56;2;0.00;5"
"1;19;22;2;23;15;2;169;2;0.06;7"
"1;58;4;8;27;9;14;11;6;0.00;6"
"1;4;4;2;1;10;21;4;3;0.03;7"
"1;208;4;2;19;9;10;11;3;0.00;7"
"1;40;4;2;2;4;13;1;2;0.00;8"
"1;65;9;2;15;9;9;1;2;0.01;9"
"1;87;11;2;2;6;13;1;2;0.01;9"
"1;220;5;8;19;9;26;60;3;0.00;6"
"1;4;1;8;1;12;10;4;5;0.03;7"
"1;16;1;8;1;16;18;4;2;0.01;6"
"1;98;4;3;1;3;3;4;5;0.03;6"
"1;183;4;8;1;11;10;1;2;0.01;5"
"1;164;4;4;7;9;16;11;6;0.00;6"
"1;201;4;8;19;4;1;3;3;0.00;4"
"1;4;18;9;1;1;1;3;4;0.03;6"
"1;21;3;8;1;1;13;58;2;0.00;6"
"1;241;4;2;1;7;6;1;4;0.01;7"
"1;21;3;7;3;10;27;148;2;0.00;6"
"1;52;4;2;2;16;13;1;5;0.02;8"
"1;200;4;8;1;1;16;138;2;0.00;6"
"1;190;4;2;30;4;1;7;4;0.03;7"
"1;240;4;8;18;25;20;85;6;0.00;5"
"1;99;4;8;7;12;20;3;2;0.01;7"
"1;138;3;1;1;1;9;123;2;0.00;5"
"1;213;12;8;1;1;10;166;2;0.00;6"
"1;161;12;8;1;1;31;22;2;0.00;6"
"1;99;4;8;1;9;22;93;1;0.00;6"
"1;20;4;5;9;9;8;1;2;0.00;8"
"1;36;4;4;1;3;24;4;1;0.01;6"
"1;1;14;2;2;10;27;1;2;0.00;7"
"1;169;4;8;1;1;1;12;2;0.00;6"
"1;174;4;1;7;6;16;7;2;0.01;6"
"1;60;4;2;1;1;12;160;1;0.00;6"
"1;61;4;2;2;30;13;7;5;0.00;7"
"1;96;4;8;1;3;3;73;2;0.00;6"
"1;186;4;7;7;9;16;4;2;0.01;6"
"1;39;8;8;3;16;13;116;4;0.00;8"
"1;113;4;8;1;1;16;41;2;0.00;5"
"1;4;4;2;1;3;3;4;2;0.03;7"
"1;8;4;8;3;16;29;7;4;0.01;6"
"1;27;19;8;3;14;29;3;4;0.02;7"
"1;242;4;2;2;10;40;5;3;0.00;7"
"1;6;4;8;2;25;35;146;6;0.00;5"
"1;8;8;2;1;9;25;4;2;0.02;8"
"1;53;5;8;1;1;28;123;4;0.00;6"
"1;130;4;2;7;24;26;11;2;0.00;8"
"1;24;4;1;2;18;10;6;4;0.00;7"
"1;66;10;1;1;12;10;58;7;0.00;8"
"1;21;10;1;1;12;10;49;2;0.00;8"
"1;24;4;2;2;18;27;1;2;0.01;8"
"1;32;4;2;21;9;2;1;2;0.01;9"
"1;62;4;4;1;16;20;90;2;0.00;7"
"1;24;4;2;2;27;8;3;1;0.01;9"
"1;20;4;4;2;19;15;3;3;0.01;8"
"1;74;10;3;7;9;16;3;2;0.01;8"
"1;12;6;2;1;6;20;3;1;0.01;8"
"1;13;4;8;1;1;1;4;2;0.00;7"
"1;14;7;2;1;3;41;34;1;0.00;6"
"1;1;14;2;1;2;28;1;2;0.01;5"
"1;40;4;1;30;16;1;26;6;0.02;6"
"1;58;4;4;1;6;32;11;6;0.00;6"
"1;2;1;1;29;11;10;3;1;0.01;8"
"1;3;18;1;11;8;10;84;2;0.00;6"
"1;65;4;1;2;4;13;39;5;0.00;7"
"1;1;6;3;1;16;38;23;2;0.00;8"
"1;4;19;1;4;1;18;18;5;0.02;7"
"1;80;8;2;7;9;6;1;2;0.08;8"
"1;80;8;2;1;9;6;1;2;0.03;7"
"1;25;1;1;1;11;23;36;2;0.01;7"
"1;8;9;1;18;9;29;4;4;0.01;6"
"1;243;4;8;11;12;20;4;2;0.02;6"
"1;4;4;2;18;3;25;1;4;0.01;10"
"1;87;11;2;7;9;2;1;2;0.01;8"
"1;244;4;4;8;10;8;1;2;0.01;7"
"1;57;4;4;1;16;1;11;6;0.00;6"
"1;245;4;8;27;4;13;11;6;0.00;6"
"1;246;4;4;27;14;7;85;6;0.00;5"
"1;8;8;2;9;9;10;3;2;0.04;7"
"1;4;1;8;1;12;4;4;2;0.02;6"
"1;21;4;6;7;16;25;1;2;0.01;8"
"1;20;4;1;1;3;2;124;3;0.00;6"
"1;180;1;1;1;12;10;1;4;0.03;7"
"1;71;11;9;22;6;19;53;2;0.00;7"
"1;44;20;8;2;27;14;34;3;0.00;5"
"1;123;4;4;7;16;1;11;6;0.00;6"
"1;79;19;2;9;10;19;1;2;0.02;8"
"1;7;15;1;1;3;24;22;3;0.00;8"
"1;21;6;1;1;9;10;3;2;0.01;7"
"1;30;15;2;1;8;26;4;2;0.00;7"
"1;47;4;6;2;6;31;3;2;0.01;8"
"1;87;11;2;1;14;12;4;2;0.01;7"
"1;19;4;1;1;3;18;1;2;0.01;6"
"1;14;23;1;1;3;28;4;2;0.01;7"
"1;27;8;2;6;14;25;4;1;0.01;8"
"1;113;4;7;1;11;10;26;3;0.01;9"
"1;242;4;2;2;6;13;30;3;0.00;7"
"1;1;14;1;4;1;16;11;2;0.00;5"
"1;4;18;2;2;19;8;3;3;0.05;6"
"1;14;7;8;8;28;13;104;4;0.00;8"
"1;58;4;8;3;25;7;21;6;0.00;5"
"1;30;5;8;1;33;28;11;3;0.00;6"
"1;173;4;2;1;9;32;85;6;0.00;5"
"1;24;4;2;2;19;14;26;3;0.00;6"
"1;4;4;2;1;9;33;1;3;0.03;8"
"1;89;4;2;2;19;31;4;2;0.00;7"
"1;1;5;1;23;15;2;1;1;0.01;8"
"1;53;5;2;2;6;8;85;5;0.00;8"
"1;40;4;1;27;8;26;11;6;0.00;6"
"1;32;19;8;7;7;29;169;5;0.07;6"
"1;19;19;8;7;35;10;3;5;0.07;6"
"1;8;19;8;1;24;6;1;4;0.03;7"
"1;17;4;3;1;8;10;44;1;0.00;7"
"1;38;6;1;9;9;26;26;5;0.00;8"
"1;38;15;2;4;17;1;1;3;0.01;8"
"1;4;7;2;3;22;13;1;2;0.01;8"
"1;24;4;8;3;29;27;143;4;0.00;7"
"1;38;4;2;1;9;22;1;2;0.01;7"
"1;172;4;8;3;14;20;65;7;0.00;6"
"1;5;4;6;7;16;9;172;2;0.00;8"
"1;84;10;2;2;10;8;1;2;0.01;8"
"1;169;4;1;14;8;31;144;2;0.00;6"
"1;247;4;4;1;26;32;11;6;0.00;7"
"1;6;4;2;1;3;21;65;2;0.00;5"
"1;73;4;8;1;12;10;106;2;0.00;7"
"1;113;4;8;2;10;2;49;2;0.00;7"
"1;113;4;8;2;10;2;99;2;0.00;7"
"1;180;1;1;1;1;18;1;4;0.03;7"
"1;27;4;7;3;14;13;37;3;0.00;7"
"1;135;4;8;1;14;12;17;2;0.00;6"
"1;44;9;1;7;16;19;24;2;0.01;7"
"1;36;15;6;2;19;15;1;3;0.01;7"
"1;180;1;1;1;1;31;1;4;0.03;8"
"1;77;4;8;1;33;28;47;1;0.00;6"
"1;77;4;8;1;33;28;52;1;0.00;5"
"1;53;4;2;2;6;21;85;5;0.00;6"
"1;142;18;3;9;10;26;11;4;0.00;4"
"1;193;4;8;7;16;14;11;6;0.00;5"
"1;120;4;8;1;26;32;145;6;0.00;5"
"1;248;4;8;26;25;24;11;6;0.00;5"
"1;46;4;2;9;9;4;3;2;0.21;8"
"1;40;4;8;1;26;16;42;6;0.00;5"
"1;106;19;1;7;12;10;1;5;0.03;7"
"1;61;1;2;2;24;6;26;2;0.02;8"
"1;1;14;1;1;12;20;1;2;0.01;9"
"1;87;4;2;1;22;4;11;2;0.00;7"
"1;46;1;3;7;35;16;3;5;0.03;6"
"1;73;8;2;1;3;18;3;2;0.03;7"
"1;4;2;2;1;16;1;1;2;0.03;9"
"1;87;4;4;1;9;16;30;3;0.00;8"
"1;249;24;4;1;1;16;1;2;0.01;8"
"1;40;4;8;1;26;24;151;3;0.00;6"
"1;28;3;8;1;26;24;151;3;0.00;6"
"1;105;4;2;1;1;24;49;1;0.00;8"
"1;14;7;5;9;9;8;1;2;0.01;8"
"1;13;5;2;1;33;13;26;2;0.00;5"
"1;8;9;7;1;11;1;4;2;0.01;8"
"1;24;4;6;15;36;26;4;2;0.01;7"
"1;250;4;4;2;16;15;1;2;0.01;7"
"1;38;3;2;1;9;22;3;3;0.01;7"
"1;190;4;2;2;27;13;4;4;0.02;6"
"1;45;4;2;1;8;28;96;3;0.00;5"
"1;24;4;4;18;9;15;1;2;0.01;8"
"1;27;8;1;2;4;8;1;4;0.01;6"
"1;54;4;2;2;25;8;148;6;0.00;5"
"1;54;4;8;11;25;10;52;6;0.00;4"
"1;4;4;1;1;3;3;1;4;0.03;6"
"1;52;4;8;1;9;22;27;3;0.00;5"
"1;50;4;2;31;10;8;42;5;0.00;7"
"1;5;4;2;8;28;22;150;3;0.00;6"
"1;38;11;4;15;9;9;11;2;0.00;8"
"1;171;10;2;1;3;18;4;1;0.01;7"
"1;36;4;6;2;19;16;1;3;0.01;7"
"1;89;5;2;1;16;26;1;2;0.01;8"
"1;25;4;2;1;37;26;1;2;0.01;7"
"1;193;4;2;1;3;13;173;1;0.00;5"
"1;21;10;1;1;11;10;1;3;0.01;7"
"1;163;12;1;1;12;20;4;2;0.01;7"
"1;163;4;8;1;12;17;50;5;0.00;6"
"1;4;18;2;2;23;10;1;4;0.03;7"
"1;251;2;2;1;1;7;7;2;0.01;8"
"1;123;4;2;26;25;26;11;6;0.00;5"
"1;116;4;1;4;1;1;11;5;0.02;7"
"1;116;4;1;7;9;18;11;4;0.01;7"
"1;79;8;1;1;4;16;1;4;0.03;8"
"1;7;3;1;7;22;13;1;3;0.01;9"
"1;14;7;1;15;20;26;1;1;0.01;8"
"1;63;4;8;1;1;2;52;3;0.00;6"
"1;1;17;2;2;10;21;1;2;0.01;8"
"1;24;9;1;1;3;23;11;2;0.00;7"
"1;27;4;2;14;6;13;23;4;0.00;8"
"1;27;22;2;1;1;1;9;4;0.00;7"
"1;252;4;4;27;18;26;30;6;0.00;6"
"1;12;20;8;2;10;8;110;2;0.00;6"
"1;52;4;9;1;3;12;94;2;0.00;6"
"1;4;19;2;7;16;21;1;4;0.02;7"
"1;72;4;2;1;5;25;1;4;0.01;6"
"1;72;3;2;15;9;8;80;2;0.00;6"
"1;253;4;6;1;22;26;174;1;0.00;9"
"1;253;4;6;1;22;26;96;3;0.00;9"
"1;228;6;1;1;3;18;175;2;0.00;9"
"1;228;6;1;1;3;18;163;2;0.00;8"
"1;55;18;2;2;3;28;47;2;0.00;6"
"1;30;4;2;1;1;1;3;4;0.04;7"
"1;8;4;2;24;5;25;3;4;0.02;6"
"1;254;12;8;7;16;1;3;4;0.01;6"
"1;79;19;8;31;31;1;3;4;0.01;7"
"1;8;19;8;1;5;8;3;2;0.09;6"
"1;8;19;2;1;24;6;3;2;0.02;7"
"1;77;19;7;9;14;2;3;4;0.01;7"
"1;26;1;8;7;9;18;1;4;0.02;7"
"1;47;8;8;16;18;21;1;4;0.03;6"
"1;94;8;2;1;1;1;176;2;0.00;8"
"1;27;4;2;1;9;28;102;4;0.00;7"
"1;105;12;1;7;9;2;1;4;0.05;6"
"1;7;3;2;4;22;4;7;3;0.01;8"
"1;16;15;8;1;9;26;80;2;0.00;8"
"1;27;4;8;1;33;19;11;1;0.00;6"
"1;67;4;8;14;6;13;49;2;0.00;7"
"1;190;4;2;7;14;21;1;4;0.02;7"
"1;27;8;8;2;4;21;24;4;0.05;6"
"1;114;4;7;7;14;21;1;4;0.01;6"
"1;190;4;8;29;3;25;3;2;0.01;6"
"1;40;4;8;29;3;26;52;1;0.00;5"
"1;7;4;3;7;9;25;90;4;0.00;5"
"1;3;3;2;2;10;22;52;3;0.00;6"
"1;73;4;8;7;26;18;119;2;0.00;6"
"1;255;4;7;1;3;28;3;2;0.03;6"
"1;14;7;6;1;22;1;30;1;0.00;9"
"1;4;4;2;4;1;23;3;2;0.03;9"
"1;58;4;8;26;25;24;46;6;0.00;5"
"1;52;4;2;1;9;13;138;6;0.00;4"
"1;6;4;8;1;26;31;30;1;0.00;6"
"1;78;4;8;1;1;1;78;4;0.01;7"
"1;15;1;1;1;11;10;1;1;0.01;9"
"1;6;4;2;1;7;6;65;2;0.00;8"
"1;27;8;1;1;12;10;1;2;0.02;6"
"1;1;2;1;1;1;18;3;7;0.01;7"
"1;67;4;2;9;9;2;166;2;0.00;7"
"1;67;4;2;9;9;2;3;4;0.04;7"
"1;14;23;2;2;18;25;4;2;0.01;8"
"1;14;7;8;1;12;10;177;2;0.00;4"
"1;25;1;8;1;6;18;17;2;0.00;7"
"1;25;1;8;1;6;18;178;2;0.00;7"
"1;30;4;2;1;21;25;1;2;0.09;8"
"1;14;23;2;1;3;1;1;2;0.01;8"
"1;235;4;1;3;25;13;11;6;0.00;5"
"1;63;4;8;9;9;15;78;2;0.00;6"
"1;64;4;1;7;9;16;1;2;0.00;7"
"1;247;4;4;27;8;12;11;6;0.00;7"
"1;247;4;4;27;8;26;11;6;0.00;6"
"1;256;4;1;15;4;22;111;1;0.00;6"
"1;252;4;4;18;25;24;11;6;0.00;6"
"1;58;4;2;27;26;26;5;6;0.00;7"
"1;58;4;2;8;25;8;11;6;0.00;6"
"1;8;12;1;1;1;29;3;4;0.03;7"
"1;112;4;2;2;10;8;3;2;0.00;8"
"1;8;19;2;2;29;37;7;2;0.01;7"
"1;202;4;8;7;16;29;1;4;0.01;6"
"1;202;4;8;7;16;29;3;4;0.01;6"
"1;257;13;3;1;1;16;163;5;0.00;7"
"1;123;4;4;27;4;28;11;6;0.00;7"
"1;120;4;8;30;23;32;120;6;0.00;5"
"1;4;4;2;1;9;26;1;2;0.03;8"
"1;4;4;2;1;1;2;1;3;0.03;8"
"1;188;4;1;1;1;1;1;4;0.03;7"
"1;4;4;3;1;3;3;24;4;0.02;7"
"1;9;9;8;2;5;8;4;2;0.00;9"
"1;123;4;4;27;26;16;11;6;0.00;6"
"1;52;4;8;1;1;18;47;2;0.00;5"
"1;28;16;4;3;10;8;34;2;0.00;9"
"1;14;7;2;1;9;22;4;3;0.01;8"
"1;112;4;6;7;11;9;1;2;0.01;7"
"1;10;13;3;1;9;18;6;2;0.00;7"
"1;140;4;8;2;19;8;167;2;0.00;7"
"1;14;7;2;9;15;2;1;2;0.01;9"
"1;20;3;2;1;9;24;101;2;0.00;7"
"1;19;4;8;1;2;10;7;2;0.01;7"
"1;58;4;8;18;25;26;22;6;0.00;6"
"1;39;4;9;22;8;9;24;1;0.00;6"
"1;258;9;9;1;1;31;20;2;0.00;7"
"1;259;3;2;1;3;3;49;2;0.00;9"
"1;14;7;1;1;9;18;175;2;0.00;9"
"1;202;4;8;18;4;1;7;5;0.03;8"
"1;247;4;4;1;16;32;11;6;0.00;7"
"1;1;15;1;2;27;8;89;4;0.01;6"
"1;190;8;7;9;14;2;4;4;0.01;7"
"1;100;4;2;2;19;8;39;3;0.01;7"
"1;260;8;1;7;31;29;11;4;0.00;8"
"1;105;4;1;2;19;35;91;3;0.00;5"
"1;3;4;1;2;27;10;91;2;0.00;5"
"1;166;9;2;1;1;19;1;1;0.01;7"
"1;177;5;8;2;25;35;11;6;0.00;5"
"1;1;11;2;1;36;1;6;2;0.00;7"
"1;40;10;2;2;27;13;11;2;0.00;9"
"1;37;4;2;2;25;14;11;6;0.00;6"
"1;146;4;8;2;19;13;30;2;0.00;7"
"1;40;4;8;1;9;6;52;2;0.00;4"
"1;14;2;1;1;11;10;1;2;0.01;8"
"1;28;16;4;9;9;26;1;2;0.01;10"
"1;14;2;1;4;9;33;101;1;0.00;8"
"1;4;8;8;1;2;18;3;2;0.03;7"
"1;261;6;6;1;1;16;1;1;0.01;8"
"1;62;4;4;18;9;21;179;4;0.00;7"
"1;4;5;2;1;17;1;1;2;0.01;8"
"1;262;4;2;2;19;8;4;1;0.00;8"
"1;5;6;2;1;19;31;1;3;0.01;7"
"1;4;18;3;7;9;16;24;5;0.03;7"
"1;73;8;8;1;12;12;7;2;0.03;7"
"1;137;4;8;9;14;2;180;4;0.00;7"
"1;112;3;8;15;31;26;4;5;0.00;7"
"1;4;4;2;1;16;1;4;2;0.01;7"
"1;10;10;2;2;19;16;1;3;0.01;7"
"1;38;4;1;18;14;2;34;4;0.00;6"
"1;5;5;6;9;9;13;1;2;0.01;9"
"1;190;8;1;1;3;3;4;2;0.02;7"
"1;4;4;1;1;1;18;3;2;0.02;6"
"1;57;4;4;2;25;8;11;6;0.00;5"
"1;253;4;6;1;22;26;27;1;0.00;9"
"1;253;4;6;1;22;26;2;1;0.00;10"
"1;40;4;8;1;16;12;11;1;0.00;5"
"1;7;17;8;1;1;7;33;2;0.00;7"
"1;4;2;1;1;3;25;1;5;0.01;7"
"1;123;4;2;7;9;15;11;6;0.00;5"
"1;263;4;1;27;8;20;11;6;0.00;5"
"1;57;4;8;1;25;10;11;6;0.00;5"
"1;247;4;4;27;3;26;11;6;0.00;7"
"1;11;4;2;19;27;1;89;2;0.00;7"
"1;248;4;1;1;25;1;11;6;0.00;4"
"1;190;4;8;1;3;23;51;2;0.00;6"
"1;4;7;9;7;9;16;3;5;0.05;8"
"1;21;16;6;4;31;7;1;2;0.01;8"
"1;8;4;8;2;16;27;35;2;0.00;6"
"1;73;4;8;1;12;10;85;2;0.00;6"
"1;73;4;8;1;3;18;34;2;0.00;6"
"1;110;4;3;7;9;25;39;5;0.00;4"
"1;252;4;4;8;25;8;11;6;0.00;7"
"1;73;4;8;1;12;25;119;2;0.00;7"
"1;8;4;8;2;16;27;35;2;0.00;6"
"1;8;4;8;9;16;1;89;2;0.00;6"
"1;47;8;8;1;1;31;4;1;0.02;6"
"1;4;7;2;1;33;25;62;2;0.00;8"
"1;55;4;1;1;1;1;18;2;0.03;6"
"1;55;4;1;7;9;38;4;2;0.01;6"
"1;55;17;2;7;36;1;86;2;0.00;9"
"1;1;14;3;18;21;1;79;2;0.00;7"
"1;21;16;5;2;27;8;138;2;0.00;9"
"1;123;4;2;2;10;32;3;6;0.00;7"
"1;8;5;2;12;31;1;4;2;0.01;9"
"1;38;4;2;9;6;14;4;4;0.01;8"
"1;13;4;8;25;6;24;11;7;0.00;6"
"1;223;4;1;14;6;13;11;2;0.00;7"
"1;73;4;2;1;12;10;1;2;0.02;7"
"1;174;12;1;1;3;2;4;3;0.01;7"
"1;4;4;1;1;3;3;3;2;0.03;6"
"1;147;4;2;1;23;26;50;1;0.00;2"
"1;180;1;8;1;12;10;4;4;0.03;7"
"1;105;19;2;1;3;28;87;2;0.00;6"
"1;82;4;1;25;18;42;28;2;0.00;7"
"1;25;1;1;2;12;10;1;4;0.03;6"
"1;19;4;2;1;4;1;1;2;0.01;7"
"1;84;4;2;1;6;31;1;1;0.01;7"
"1;264;19;2;2;18;27;1;2;0.01;8"
"1;195;4;8;6;1;29;4;5;0.03;6"
"1;14;7;1;1;3;23;29;3;0.00;10"
"1;265;4;8;1;9;2;35;2;0.00;6"
"1;25;1;1;1;3;18;1;2;0.03;6"
"1;266;4;8;1;3;32;134;6;0.00;4"
"1;3;12;8;1;9;18;11;3;0.00;6"
"1;89;6;2;1;8;31;1;1;0.01;8"
"1;19;18;2;9;9;22;20;3;0.01;6"
"1;1;1;1;1;11;28;51;1;0.00;8"
"1;8;22;8;1;1;25;1;4;0.03;6"
"1;172;19;8;31;1;16;26;4;0.03;6"
"1;38;3;2;1;6;18;1;2;0.01;8"
"1;72;4;2;1;1;18;11;2;0.00;7"
"1;25;1;2;1;3;23;177;3;0.00;7"
"1;38;5;6;1;4;10;4;1;0.01;8"
"1;267;10;3;1;1;1;3;2;0.01;7"
"1;268;4;1;2;16;19;144;4;0.00;5"
"1;62;4;4;7;16;15;3;2;0.01;7"
"1;215;4;2;1;1;19;1;2;0.01;8"
"1;195;4;8;6;1;29;4;5;0.03;6"
"1;13;5;8;2;19;13;52;3;0.00;6"
"1;269;4;8;1;9;32;52;6;0.00;4"
"1;1;5;1;23;6;39;6;2;0.00;8"
"1;5;4;9;1;1;22;1;3;0.01;6"
"1;25;4;2;2;6;13;1;2;0.01;9"
"1;20;6;2;1;23;26;4;1;0.01;8"
"1;270;25;8;2;27;28;39;2;0.01;6"
"1;12;20;4;8;9;13;3;3;0.01;7"
"1;4;7;2;15;15;2;1;2;0.01;8"
"1;17;11;2;3;22;9;73;3;0.00;6"
"1;12;6;2;1;6;20;4;2;0.00;7"
"1;198;4;8;2;25;33;11;6;0.00;5"
"1;271;4;8;7;16;29;3;5;0.01;6"
"1;87;11;2;2;6;13;1;2;0.01;9"
"1;17;4;8;20;26;26;3;2;0.01;6"
"1;7;17;8;1;1;1;62;2;0.00;7"
"1;169;4;2;2;8;26;4;3;0.00;6"
"1;13;4;2;1;33;16;11;2;0.00;7"
"1;39;4;7;1;1;19;166;2;0.00;7"
"1;7;3;7;15;20;26;4;1;0.01;8"
"1;1;1;3;7;6;16;1;2;0.01;8"
"1;26;1;8;7;9;12;85;2;0.00;8"
"1;38;11;4;15;8;9;4;1;0.01;8"
"1;14;23;2;1;9;12;1;1;0.01;9"
"1;24;15;2;2;19;8;4;2;0.01;8"
"1;272;4;8;3;27;21;97;2;0.01;5"
"1;80;4;1;4;1;7;158;3;0.00;6"
"1;112;9;2;15;9;9;26;2;0.00;9"
"1;273;18;1;1;33;28;5;3;0.00;5"
"1;13;4;2;1;6;13;181;1;0.00;5"
"1;215;4;1;2;6;21;24;4;0.02;6"
"1;1;11;1;1;3;23;3;2;0.01;5"
"1;61;4;1;1;16;10;3;2;0.01;6"
"1;27;8;8;31;9;19;1;4;0.17;7"
"1;112;9;8;1;1;7;30;1;0.00;9"
"1;202;4;1;7;16;17;12;4;0.00;7"
"1;7;3;4;8;22;9;5;1;0.01;6"
"1;84;3;9;1;1;2;1;1;0.01;8"
"1;14;7;1;1;9;2;25;3;0.00;9"
"1;20;4;2;8;9;13;1;2;0.01;7"
"1;259;4;2;2;27;28;40;2;0.01;9"
"1;64;17;8;1;1;7;12;2;0.00;7"
"1;20;6;1;1;19;31;11;3;0.00;4"
"1;47;12;1;1;12;10;3;4;0.04;6"
"1;8;4;2;1;1;19;7;1;0.01;7"
"1;13;4;8;1;9;22;52;3;0.00;5"
"1;274;3;9;7;9;29;3;5;0.01;6"
"1;32;4;2;2;6;13;1;2;0.01;9"
"1;44;15;2;1;5;25;117;2;0.00;9"
"1;87;4;2;2;27;8;1;2;0.01;7"
"1;72;4;2;1;1;23;11;3;0.00;7"
"1;50;4;2;1;1;23;1;3;0.01;7"
"1;17;3;2;1;6;19;4;1;0.01;7"
"1;7;3;2;21;20;41;4;2;0.01;9"
"1;38;3;8;1;9;22;110;3;0.00;7"
"1;215;8;1;1;23;10;182;2;0.00;5"
"1;100;4;2;2;19;8;81;3;0.00;6"
"1;87;11;14;2;14;33;78;2;0.03;8"
"1;4;13;8;1;1;1;24;4;0.06;7"
"1;14;23;2;1;3;1;4;1;0.01;8"
"1;180;1;1;1;1;4;1;4;0.03;8"
"1;1;1;2;1;33;28;4;1;0.01;8"
"1;14;7;6;25;15;7;1;1;0.01;9"
"1;275;4;1;9;5;13;183;3;0.00;6"
"1;88;4;1;1;36;18;65;2;0.00;5"
"1;198;4;8;7;9;19;24;5;0.01;7"
"1;27;22;8;7;9;16;175;5;0.00;8"
"1;82;4;6;2;19;16;4;2;0.01;6"
"1;14;2;2;1;11;3;1;1;0.04;10"
"1;213;4;1;7;12;10;7;5;0.01;7"
"1;19;4;5;2;19;8;78;3;0.01;6"
"1;20;5;6;2;14;8;1;2;0.01;8"
"1;8;4;8;1;12;10;1;2;0.02;7"
"1;53;5;2;2;10;8;1;2;0.01;8"
"1;105;4;2;1;6;38;111;2;0.00;6"
"1;80;1;1;1;3;16;1;2;0.01;7"
"1;74;17;7;3;14;13;7;3;0.01;7"
"1;53;4;6;15;38;8;46;1;0.00;8"
"1;4;4;8;1;35;3;36;4;0.09;6"
"1;58;4;8;3;25;13;11;6;0.00;5"
"1;30;4;8;7;16;6;1;2;0.02;7"
"1;40;10;2;2;27;8;95;2;0.00;7"
"1;29;4;2;1;5;2;4;4;0.02;7"
"1;253;4;6;1;4;7;96;1;0.00;8"
"1;253;4;6;1;22;26;168;1;0.00;9"
"1;244;10;7;1;6;10;4;2;0.01;7"
"1;67;4;2;1;9;41;132;3;0.00;6"
"1;7;3;2;1;1;19;4;3;0.01;8"
"1;4;13;3;21;23;25;1;4;0.07;8"
"1;37;4;8;1;3;2;50;3;0.00;5"
"1;67;4;2;1;16;18;30;1;0.01;7"
"1;7;3;2;2;5;2;4;2;0.01;10"
"1;4;4;2;2;4;8;1;5;0.03;8"
"1;215;4;8;1;12;10;65;2;0.00;7"
"1;26;1;8;1;3;18;177;4;0.00;5"
"1;11;4;2;2;16;29;3;4;0.01;7"
"1;14;7;2;1;17;1;1;3;0.01;8"
"1;276;1;8;2;3;25;58;5;0.00;8"
"1;73;8;8;1;1;18;1;2;0.03;6"
"1;14;7;2;3;16;21;1;2;0.01;10"
"1;128;4;8;2;35;27;78;4;0.01;5"
"1;12;4;4;2;19;16;85;3;0.00;7"
"1;198;8;8;1;12;10;1;4;0.01;7"
"1;211;17;1;6;1;16;1;5;0.03;6"
"1;207;6;6;7;14;13;1;2;0.01;9"
"1;4;4;6;1;15;18;1;2;0.01;7"
"1;76;17;8;1;1;1;87;3;0.01;7"
"1;277;4;2;2;19;8;184;3;0.00;6"
"1;74;9;3;1;14;31;4;2;0.01;8"
"1;278;4;3;1;1;25;92;2;0.00;6"
"1;218;4;2;2;25;35;85;6;0.00;4"
"1;192;1;1;1;3;18;4;2;0.03;7"
"1;32;9;7;3;16;27;3;2;0.03;9"
"1;279;4;8;1;16;18;32;7;0.00;6"
"1;280;4;4;26;16;32;139;6;0.00;7"
"1;109;1;1;1;3;3;1;4;0.03;7"
"1;53;3;2;12;10;8;34;2;0.00;5"
"1;55;17;2;1;36;7;75;2;0.00;9"
"1;1;14;8;2;4;16;72;2;0.00;6"
"1;4;12;8;1;1;1;3;2;0.01;6"
"1;20;4;2;1;23;2;4;1;0.01;9"
"1;26;1;2;1;9;26;85;2;0.00;8"
"1;281;4;8;1;1;31;58;2;0.00;6"
"1;20;4;6;3;16;17;3;2;0.01;8"
"1;17;4;1;1;11;10;4;2;0.01;7"
"1;14;23;3;1;11;13;1;2;0.01;8"
"1;202;4;8;18;4;1;169;5;0.03;7"
"1;282;11;2;1;26;16;4;2;0.01;8"
"1;89;15;2;7;16;7;1;2;0.01;8"
"1;16;4;2;2;10;26;4;2;0.01;8"
"1;123;4;4;3;25;26;26;6;0.00;7"
"1;67;4;2;9;9;25;3;4;0.06;7"
"1;73;4;8;1;12;13;104;2;0.00;5"
"1;135;4;3;1;1;20;153;1;0.00;5"
"1;215;4;8;29;3;23;11;2;0.00;6"
"1;8;9;1;1;3;7;4;1;0.01;9"
"1;123;4;4;26;25;8;11;6;0.00;6"
"1;73;8;2;1;12;10;3;2;0.03;8"
"1;53;15;2;2;19;15;3;3;0.00;8"
"1;283;4;5;9;9;8;1;2;0.01;7"
"1;4;10;2;6;18;27;1;2;0.01;8"
"1;58;4;4;27;10;8;11;6;0.00;5"
"1;15;4;1;21;12;25;1;2;0.01;8"
"1;32;3;2;2;6;13;1;2;0.01;9"
"1;28;16;5;9;9;17;1;2;0.01;8"
"1;5;6;4;1;6;41;1;1;0.01;9"
"1;45;18;6;7;6;16;5;1;0.00;6"
"1;8;5;2;2;30;17;7;2;0.01;9"
"1;8;4;2;1;1;14;77;2;0.00;7"
"1;4;4;12;31;31;3;3;4;0.01;8"
"1;250;4;4;8;28;8;3;2;0.00;8"
"1;87;4;2;2;6;26;11;3;0.00;7"
"1;46;1;8;1;1;38;1;4;0.02;6"
"1;36;4;4;8;10;26;4;2;0.01;7"
"1;9;9;8;2;5;8;1;2;0.00;8"
"1;79;8;1;1;16;14;141;4;0.00;8"
"1;8;4;2;1;1;26;26;1;0.01;8"
"1;284;4;1;2;17;32;26;6;0.00;7"
"1;12;20;4;2;19;15;56;3;0.00;6"
"1;117;4;2;2;6;13;11;3;0.00;8"
"1;7;6;1;1;9;22;22;3;0.01;9"
"1;222;4;6;3;10;10;3;3;0.00;7"
"1;232;4;1;2;10;8;134;5;0.00;5"
"1;38;4;8;1;9;25;6;2;0.00;6"
"1;134;19;8;1;1;2;24;2;0.01;8"
"1;21;4;1;1;23;10;79;2;0.00;7"
"1;5;5;2;2;6;13;34;2;0.00;7"
"1;28;9;1;1;9;22;89;3;0.01;1"
"1;53;9;2;3;10;41;104;3;0.00;4"
"1;143;4;8;7;16;10;111;1;0.00;5"
"1;261;11;6;8;9;33;1;2;0.01;8"
"1;24;4;5;19;9;27;1;2;0.01;7"
"1;39;3;2;15;8;12;77;1;0.00;6"
"1;52;4;8;3;25;19;57;6;0.00;6"
"1;285;4;1;4;9;13;11;3;0.00;6"
"1;72;4;8;13;16;21;11;1;0.00;6"
"1;215;4;8;7;16;1;52;2;0.00;5"
"1;19;1;7;7;14;2;133;4;0.00;6"
"1;202;4;8;18;4;1;24;4;0.03;6"
"1;36;21;6;1;1;16;1;3;0.01;7"
"1;4;4;2;2;6;13;4;2;0.03;9"
"1;116;4;8;1;9;33;50;5;0.00;6"
"1;21;6;2;4;17;1;1;2;0.01;8"
"1;44;4;2;19;9;10;1;3;0.01;7"
"1;14;23;2;2;18;25;101;2;0.00;7"
"1;45;4;3;1;3;23;138;2;0.00;5"
"1;172;8;2;1;31;3;3;1;0.03;7"
"1;183;4;1;18;4;21;4;5;0.03;7"
"1;78;4;2;1;8;10;30;2;0.00;8"
"1;208;4;6;2;19;13;1;2;0.01;8"
"1;44;3;2;1;9;22;1;1;0.01;8"
"1;286;5;2;33;18;25;87;1;0.00;7"
"1;123;4;4;8;25;8;11;6;0.00;7"
"1;7;9;2;9;6;13;7;2;0.01;9"
"1;1;9;3;1;1;16;166;2;0.00;8"
"1;287;4;2;1;1;22;30;2;0.00;8"
"1;113;11;8;24;5;25;3;2;0.02;7"
"1;255;4;2;1;33;19;3;4;0.02;7"
"1;288;4;1;1;1;1;100;4;0.00;6"
"1;7;4;1;15;9;24;150;2;0.01;7"
"1;11;4;13;31;1;16;49;4;0.00;5"
"1;78;4;2;2;6;6;47;1;0.00;6"
"1;45;4;2;4;2;41;141;3;0.00;5"
"1;107;3;1;1;6;18;4;4;0.01;7"
"1;55;4;8;1;4;31;96;3;0.00;4"
"1;94;18;2;2;14;21;1;4;0.03;6"
"1;58;4;8;2;25;8;123;6;0.00;5"
"1;17;4;2;2;10;8;4;2;0.01;7"
"1;12;4;4;2;19;16;3;3;0.01;7"
"1;7;3;2;3;14;41;7;1;0.01;10"
"1;67;17;8;1;1;1;14;2;0.00;8"
"1;4;4;2;2;10;8;1;5;0.03;7"
"1;123;4;4;26;25;31;11;6;0.00;6"
"1;289;4;8;9;9;41;128;2;0.00;6"
"1;89;23;7;1;16;28;134;2;0.00;7"
"1;89;4;3;1;16;2;101;2;0.00;8"
"1;291;4;8;7;9;29;68;4;0.00;5"
"1;8;5;2;25;31;42;7;2;0.01;8"
"1;40;6;6;2;19;15;1;3;0.01;7"
"1;171;17;2;1;1;31;1;2;0.01;9"
"1;168;13;3;1;1;1;59;5;0.00;7"
"1;67;17;2;28;9;7;34;2;0.00;8"
"1;262;4;4;8;9;22;1;3;0.01;7"
"1;82;4;2;2;10;8;1;2;0.01;7"
"1;19;4;6;1;9;22;1;3;0.01;7"
"1;88;4;1;29;28;27;150;4;0.01;7"
"1;38;5;2;1;3;28;1;2;0.01;8"
"1;27;22;2;4;9;19;163;4;0.00;7"
"1;20;13;8;1;6;16;28;2;0.00;6"
"1;45;5;8;1;6;19;111;2;0.02;6"
"1;45;5;8;1;6;19;11;2;0.01;7"
"1;1;14;1;30;9;8;185;4;0.00;6"
"1;200;4;8;2;3;41;20;3;0.00;7"
"1;19;3;8;7;16;19;11;4;0.07;7"
"1;292;13;3;7;16;29;153;5;0.00;7"
"1;293;4;2;1;16;20;76;1;0.00;7"
"1;1;1;1;1;12;10;17;1;0.00;8"
"1;21;16;6;1;1;18;167;2;0.00;8"
"1;198;4;2;1;18;25;22;1;0.00;7"
"1;78;4;8;1;1;1;35;4;0.01;7"
"1;19;11;2;1;1;1;53;2;0.00;7"
"1;40;4;8;2;19;14;20;2;0.00;5"
"1;21;6;2;1;9;12;1;3;0.01;7"
"1;52;18;2;1;9;31;58;2;0.00;8"
"1;40;4;1;1;11;10;76;3;0.00;6"
"1;1;1;7;1;6;18;186;2;0.00;9"
"1;20;6;6;2;10;8;1;2;0.01;8"
"1;144;16;4;3;10;8;6;2;0.00;9"
"1;17;9;1;2;6;7;10;2;0.00;8"
"1;8;12;8;1;1;10;1;2;0.03;7"
"1;14;23;2;1;9;10;99;2;0.00;8"
"1;244;6;1;1;11;10;1;3;0.01;8"
"1;198;4;1;1;1;10;95;5;0.04;5"
"1;20;9;6;15;6;13;117;2;0.00;8"
"1;53;8;2;1;9;12;72;2;0.00;6"
"1;14;2;2;10;1;2;28;2;0.00;9"
"1;19;4;15;6;9;22;150;2;0.01;6"
"1;4;4;1;1;12;28;1;3;0.01;6"
"1;37;4;8;1;19;3;26;3;0.00;6"
"1;4;18;2;7;15;16;24;2;0.01;8"
"1;190;4;1;1;12;10;3;2;0.03;6"
"1;27;4;2;1;1;1;54;4;0.00;8"
"1;55;17;2;1;22;4;125;4;0.00;9"
"1;27;8;8;7;9;14;143;1;0.00;6"
"1;294;4;2;1;23;26;1;3;0.01;7"
"1;8;4;2;2;6;29;3;5;0.18;7"
"1;28;4;2;8;9;13;1;2;0.01;8"
"1;295;4;1;22;20;13;187;2;0.00;3"
"1;14;7;1;1;9;2;1;2;0.01;9"
"1;21;11;2;2;10;37;142;2;0.00;8"
"1;21;5;7;7;9;16;3;2;0.00;6"
"1;26;1;2;1;3;1;34;2;0.00;7"
"1;11;4;2;2;10;27;78;2;0.01;6"
"1;38;5;6;1;6;16;42;2;0.00;8"
"1;14;2;1;1;3;7;1;1;0.01;8"
"1;24;4;2;9;9;41;1;2;0.01;8"
"1;215;4;8;1;33;18;11;2;0.00;6"
"1;1;14;1;1;21;2;76;2;0.00;6"
"1;259;4;2;2;27;41;40;2;0.01;9"
"1;61;18;2;31;18;21;1;4;0.03;9"
"1;247;4;4;26;16;32;11;6;0.00;7"
"1;14;7;6;1;1;19;87;1;0.01;9"
"1;232;4;1;1;10;30;85;4;0.00;6"
"1;14;7;6;1;22;13;174;1;0.00;8"
"1;5;4;9;1;1;22;1;3;0.01;7"
"1;74;9;3;1;14;31;1;2;0.01;8"
"1;27;4;1;1;11;10;3;2;0.01;6"
"1;197;9;1;1;9;2;62;2;0.00;8"
"1;176;4;2;19;9;8;1;2;0.01;6"
"1;64;3;1;1;3;36;125;3;0.00;9"
"1;4;4;6;1;15;18;1;2;0.01;8"
"1;12;4;4;1;19;28;3;1;0.01;6"
"1;4;23;2;1;1;1;1;2;0.10;9"
"1;5;4;9;1;1;22;89;3;0.00;6"
"1;14;23;2;1;9;12;1;1;0.01;8"
"1;16;4;2;2;10;26;1;2;0.01;8"
"1;19;4;9;2;35;28;36;5;0.01;6"
"1;14;7;6;1;22;26;1;1;0.01;9"
"1;5;6;2;1;15;34;1;3;0.01;7"
"1;38;4;6;1;16;41;1;1;0.01;8"
"1;1;9;2;1;16;18;73;1;0.00;8"
"1;38;5;6;1;15;2;4;2;0.01;8"
"1;74;8;7;2;20;2;4;1;0.01;9"
"1;55;4;8;2;16;29;169;5;0.09;7"
"1;42;4;4;15;6;13;124;2;0.00;8"
"1;20;4;1;1;6;16;76;2;0.00;5"
"1;1;1;8;30;9;18;20;4;0.00;5"
"1;132;4;1;4;28;11;28;1;0.00;8"
"1;296;8;8;1;3;18;101;2;0.00;6"
"1;4;23;1;10;3;17;1;2;0.01;8"
"1;14;7;2;1;1;1;1;2;0.01;9"
"1;297;4;1;10;14;29;173;4;0.00;4"
"1;28;16;5;12;31;1;101;2;0.00;8"
"1;166;2;3;1;6;20;83;2;0.00;7"
"1;298;13;3;7;9;16;153;5;0.00;7"
"1;21;21;2;1;3;24;1;1;0.01;8"
"1;116;4;8;2;18;27;150;2;0.00;7"
"1;17;3;9;1;6;28;4;2;0.01;6"
"1;38;11;4;1;16;14;117;2;0.00;8"
"1;197;9;1;15;9;13;188;2;0.00;8"
"1;27;22;8;7;9;16;55;5;0.00;8"
"1;267;4;2;2;21;33;74;1;0.00;7"
"1;220;4;8;2;3;27;89;2;0.01;5"
"1;4;4;2;6;1;25;105;2;0.00;8"
"1;14;23;5;9;9;13;1;2;0.01;8"
"1;4;23;1;1;11;19;4;1;0.01;7"
"1;14;23;1;4;22;1;1;1;0.01;7"
"1;175;4;4;7;16;15;1;3;0.01;6"
"1;27;8;13;20;35;7;189;5;0.01;8"
"1;20;4;5;9;9;8;1;2;0.00;8"
"1;87;4;2;19;10;41;53;3;0.00;6"
"1;27;22;2;7;9;16;54;5;0.00;8"
"1;169;8;2;3;14;20;75;1;0.00;7"
"1;38;5;2;2;10;8;1;2;0.01;9"
"1;81;4;9;1;31;2;15;2;0.00;7"
"1;125;1;1;4;2;18;167;4;0.00;5"
"1;14;7;5;9;9;8;1;2;0.01;9"
"1;19;4;4;1;22;24;1;2;0.01;6"
"1;4;13;3;1;35;18;4;4;0.02;8"
"1;4;4;2;2;4;8;18;5;0.01;7"
"1;12;4;6;1;17;1;4;3;0.01;7"
"1;11;4;8;1;1;16;3;5;0.03;7"
"1;299;4;7;3;16;7;47;4;0.00;6"
"1;287;4;2;7;4;26;32;2;0.00;7"
"1;52;4;1;1;11;3;114;2;0.00;7"
"1;38;15;6;8;9;13;1;3;0.01;7"
"1;65;4;1;16;9;21;4;4;0.03;7"
"1;300;8;2;2;3;25;106;2;0.00;6"
"1;39;4;8;2;25;33;11;6;0.00;4"
"1;8;4;8;9;16;1;78;2;0.00;6"
"1;262;4;12;31;31;1;89;4;0.01;6"
"1;123;4;4;18;17;32;11;6;0.00;6"
"1;13;3;7;23;14;39;7;1;0.01;8"
"1;28;4;1;1;35;6;78;5;0.03;6"
"1;62;4;4;1;16;20;129;2;0.00;7"
"1;25;1;8;1;6;18;157;2;0.00;8"
"1;301;6;2;1;3;23;146;2;0.00;6"
"1;21;16;6;2;22;13;190;2;0.00;10"
"1;55;17;8;31;1;1;108;5;0.00;7"
"1;55;17;8;7;9;29;108;5;0.00;7"
"1;203;17;1;1;1;16;1;4;0.02;6"
"1;87;11;14;2;14;33;65;2;0.00;8"
"1;89;2;1;1;3;7;1;1;0.00;9"
"1;3;9;8;3;10;10;117;2;0.00;7"
"1;202;4;8;3;16;13;41;4;0.00;6"
"1;302;19;8;6;1;16;3;5;0.02;6"
"1;20;4;4;18;4;1;144;2;0.00;7"
"1;19;4;15;2;19;38;150;2;0.01;6"
"1;4;7;2;1;3;1;58;1;0.00;10"
"1;1;14;1;2;10;2;154;2;0.00;7"
"1;303;4;2;25;18;21;81;2;0.00;5"
"1;304;4;9;7;33;30;34;5;0.00;7"
"1;32;4;1;31;28;27;191;4;0.00;5"
"1;171;10;2;1;19;1;4;1;0.00;7"
"1;63;4;2;2;17;13;34;4;0.00;7"
"1;5;6;2;1;19;31;1;3;0.01;7"
"1;74;21;2;15;14;2;4;2;0.01;9"
"1;38;4;6;2;17;13;1;2;0.01;7"
"1;87;4;5;2;14;33;128;2;0.00;7"
"1;61;11;2;1;26;25;1;2;0.01;8"
"1;24;4;2;8;9;13;1;3;0.01;7"
"1;305;25;6;2;27;10;150;2;0.00;6"
"1;306;4;2;2;34;27;91;2;0.00;6"
"1;77;9;7;4;22;39;55;1;0.00;6"
"1;307;4;12;20;15;16;192;4;0.00;6"
"1;64;4;2;7;16;25;193;4;0.00;6"
"1;14;7;2;2;18;27;1;2;0.01;8"
"1;32;4;1;9;9;29;194;4;0.02;7"
"1;89;4;2;2;10;41;1;2;0.01;8"
"1;32;4;2;2;6;6;1;2;0.01;9"
"1;32;11;2;21;6;41;1;2;0.01;8"
"1;32;4;7;20;22;21;1;2;0.01;8"
"1;20;9;6;2;16;8;72;2;0.00;7"
"1;32;5;2;2;6;13;1;2;0.01;9"
"1;168;13;3;1;1;16;163;5;0.00;7"
"1;87;11;4;8;18;21;39;2;0.01;6"
"1;14;7;7;15;8;26;7;1;0.01;9"
"1;34;10;2;1;15;34;154;1;0.00;7"
"1;12;4;4;19;9;28;101;3;0.00;6"
"1;5;4;9;1;1;22;89;3;0.00;6"
"1;55;4;8;1;9;25;34;2;0.00;8"
"1;304;4;9;1;1;16;59;4;0.00;6"
"1;25;5;15;2;23;7;1;2;0.01;7"
"1;5;5;6;2;27;13;1;2;0.01;8"
"1;202;4;8;18;28;29;134;4;0.00;5"
"1;12;4;4;2;19;16;34;3;0.00;7"
"1;172;4;8;31;16;2;1;5;0.03;6"
"1;74;3;7;15;9;9;4;1;0.01;10"
"1;28;16;5;2;28;8;1;2;0.01;9"
"1;215;4;8;7;9;19;11;4;0.01;6"
"1;74;6;5;2;10;22;1;3;0.01;7"
"1;244;6;2;4;17;1;6;2;0.00;8"
"1;67;4;8;14;6;21;6;2;0.00;8"
"1;112;4;2;1;1;29;4;4;0.03;6"
"1;52;4;12;7;35;16;158;4;0.00;6"
"1;72;4;12;3;18;27;33;4;0.00;8"
"1;308;4;8;1;3;3;8;2;0.00;1"
"1;309;2;5;30;16;1;150;2;0.01;8"
"1;251;4;4;7;9;22;3;3;0.01;7"
"1;21;11;2;2;6;13;18;2;0.00;9"
"1;310;4;2;1;16;26;79;2;0.00;4"
"1;38;3;2;1;8;26;1;3;0.01;8"
"1;20;6;6;1;1;14;1;1;0.01;8"
"1;14;7;7;1;3;9;141;3;0.00;8"
"1;24;15;2;2;19;41;26;3;0.00;7"
"1;55;17;8;7;9;29;15;5;0.00;7"
"1;55;17;8;31;1;1;50;4;0.00;6"
"1;14;23;1;7;2;16;118;4;0.00;8"
"1;311;4;1;9;18;2;116;4;0.00;7"
"1;8;6;2;9;9;5;7;2;0.01;9"
"1;67;4;1;4;1;1;4;5;0.01;6"
"1;25;1;1;1;12;19;195;5;0.00;6"
"1;79;8;1;1;16;14;141;4;0.00;8"
"1;312;12;8;7;9;2;196;7;0.00;6"
"1;14;7;7;9;15;2;197;2;0.00;9"
"1;14;23;1;10;28;10;1;2;0.00;8"
"1;30;4;1;1;27;1;3;3;0.03;6"
"1;4;4;2;21;33;41;1;2;0.01;6"
"1;4;4;1;18;4;8;1;5;0.03;8"
"1;1;14;1;25;28;2;154;2;0.00;7"
"1;67;4;12;7;9;16;3;4;0.04;7"
"1;64;1;8;31;1;1;3;4;0.01;6"
"1;44;15;9;6;9;22;4;2;0.01;6"
"1;52;18;2;1;9;31;68;2;0.00;8"
"1;5;4;6;1;9;22;1;3;0.01;7"
"1;135;4;3;1;26;24;10;1;0.00;6"
"1;313;4;9;1;1;18;3;2;0.01;7"
"1;25;1;1;1;12;19;20;5;0.03;6"
"1;36;4;1;1;12;10;126;2;0.00;5"
"1;4;18;2;7;15;16;24;2;0.01;8"
"1;55;4;8;28;9;7;34;2;0.00;8"
"1;114;4;2;2;10;40;85;3;0.00;6"
"1;27;22;5;1;1;1;23;4;0.00;7"
"1;27;4;2;9;9;22;44;4;0.00;8"
"1;27;4;2;9;9;22;54;4;0.00;7"
"1;27;22;2;9;9;22;166;4;0.00;7"
"1;27;22;2;1;1;1;182;4;0.00;8"
"1;27;4;2;1;1;1;49;4;0.00;7"
"1;27;22;2;1;1;1;44;4;0.00;7"
"1;27;4;2;9;9;22;182;4;0.00;7"
"1;27;4;2;9;9;22;49;4;0.00;7"
"1;27;22;2;9;9;22;23;4;0.00;7"
"1;27;4;2;4;9;41;163;4;0.00;7"
"1;27;22;2;4;1;1;117;4;0.00;8"
"1;21;6;2;2;19;15;4;2;0.01;8"
"1;14;7;6;1;9;26;4;1;0.00;9"
"1;30;11;2;2;39;21;154;2;0.00;7"
"1;20;15;6;8;9;22;4;2;0.01;8"
"1;4;2;6;15;14;2;24;1;0.01;9"
"1;14;7;2;9;6;13;4;2;0.01;8"
"1;122;4;8;2;29;27;172;4;0.00;6"
"1;4;13;3;7;9;16;78;5;0.00;7"
"1;14;23;4;1;3;37;1;1;0.01;6"
"1;5;4;9;1;1;22;30;3;0.00;7"
"1;314;12;2;1;4;1;42;2;0.00;8"
"1;40;4;8;19;9;8;77;3;0.00;5"
"1;12;4;8;2;19;16;89;3;0.00;7"
"1;14;5;2;26;14;20;1;2;0.01;8"
"1;87;11;14;2;14;33;78;2;0.03;8"
"1;20;9;6;3;10;8;1;2;0.00;8"
"1;142;18;1;1;26;26;55;2;0.00;7"
"1;209;9;2;1;16;18;73;1;0.00;8"
"1;20;6;6;2;23;13;1;2;0.01;9"
"1;4;21;2;2;17;13;4;2;0.01;8"
"1;244;4;4;2;10;8;1;2;0.01;7"
"1;4;4;2;2;10;8;1;5;0.03;7"
"1;67;4;2;3;10;8;3;2;0.01;6"
"1;300;8;2;2;3;25;34;2;0.00;6"
"1;8;12;8;1;1;1;3;4;0.03;6"
"1;4;4;2;2;24;27;1;2;0.01;8"
"1;87;4;2;19;10;41;3;3;0.00;6"
"1;147;4;12;7;26;16;61;4;0.00;6"
"1;27;8;1;1;1;1;3;5;0.02;7"
"1;19;5;6;1;9;13;1;2;0.01;7"
"1;117;4;2;2;10;40;30;3;0.00;8"
"1;198;4;2;19;9;13;22;3;0.00;5"
"1;32;4;8;2;35;17;191;4;0.00;5"
"1;32;4;10;12;31;29;191;4;0.00;4"
"1;53;9;3;1;1;1;72;4;0.00;5"
"1;84;4;8;7;9;18;5;1;0.00;7"
"1;32;4;1;12;31;29;191;4;0.00;5"
"1;24;4;5;2;18;25;1;1;0.01;8"
"1;28;4;4;9;9;13;1;2;0.01;8"
"1;32;4;8;2;28;29;191;4;0.00;5"
"1;32;4;1;12;31;29;191;4;0.00;4"
"1;32;4;8;18;28;29;191;4;0.00;5"
"1;32;4;1;4;28;23;191;4;0.00;4"
"1;32;4;10;12;31;29;191;4;0.00;4"
"1;32;4;10;12;31;29;191;4;0.00;4"
"1;32;4;10;12;35;16;191;4;0.00;4"
"1;13;9;1;1;26;26;129;2;0.00;6"
"1;32;4;10;12;9;16;154;4;0.00;4"
"1;19;4;2;2;19;13;74;3;0.02;6"
"1;40;4;8;2;10;10;35;2;0.00;7"
"1;53;9;2;25;18;21;76;2;0.00;8"
"1;32;4;1;12;35;16;191;4;0.00;5"
"1;21;6;1;1;9;33;4;1;0.01;8"
"1;14;23;1;1;14;20;4;1;0.00;7"
"1;247;4;4;1;26;32;154;6;0.00;6"
"1;1;1;8;7;2;18;101;2;0.00;6"
"1;14;23;1;1;14;20;101;1;0.00;6"
"1;21;11;6;1;9;22;1;1;0.01;8"
"1;80;22;2;2;34;27;49;2;0.00;6"
"1;80;22;2;2;34;27;49;2;0.00;6"
"1;144;16;2;2;18;27;76;2;0.00;8"
"1;24;4;4;3;19;15;3;3;0.01;7"
"1;28;4;2;2;19;41;11;3;0.00;7"
"1;1;1;1;1;12;20;73;1;0.00;8"
"1;53;18;2;31;18;21;179;4;0.00;8"
"1;255;4;8;1;1;29;3;5;0.04;6"
"1;4;6;6;1;22;19;3;1;0.01;8"
"1;14;2;1;1;10;18;3;2;0.01;8"
"1;38;5;6;1;3;28;4;1;0.01;8"
"1;315;4;2;12;3;23;79;4;0.00;6"
"1;4;4;8;1;1;29;3;4;0.03;7"
"1;87;4;5;2;32;41;127;2;0.01;6"
"1;55;17;8;31;1;1;52;4;0.00;6"
"1;55;17;8;7;9;29;155;5;0.00;6"
"1;316;4;8;30;21;1;179;4;0.00;4"
"1;4;3;6;7;11;13;54;2;0.00;8"
"1;146;4;8;2;17;13;42;2;0.00;7"
"1;32;4;8;2;16;29;78;4;0.11;6"
"1;317;13;8;34;5;28;49;4;0.00;8"
"1;20;4;6;1;3;15;1;2;0.01;7"
"1;38;5;2;1;3;28;198;2;0.00;8"
"1;71;4;1;9;9;2;38;4;0.00;7"
"1;14;7;1;1;9;26;5;2;0.00;8"
"1;89;4;2;2;10;41;4;2;0.01;8"
"1;318;4;2;1;1;2;11;2;0.00;9"
"1;319;4;2;1;1;16;11;5;0.01;6"
"1;4;13;3;1;1;1;7;5;0.05;7"
"1;53;18;2;1;15;1;85;2;0.00;8"
"1;171;17;2;1;1;31;1;2;0.01;9"
"1;14;2;2;1;1;16;166;1;0.00;8"
"1;89;23;2;18;15;1;3;2;0.00;8"
"1;67;4;8;21;6;21;92;2;0.00;6"
"1;67;4;8;21;6;21;90;2;0.00;6"
"1;67;4;8;21;6;21;90;2;0.00;6"
"1;67;4;8;21;6;21;57;2;0.00;6"
"1;37;4;8;29;27;10;191;3;0.00;5"
"1;38;15;2;4;17;1;1;3;0.01;8"
"1;195;4;9;7;9;19;1;7;0.01;7"
"1;320;4;2;1;23;26;101;3;0.00;6"
"1;167;17;13;1;1;16;49;4;0.00;9"
"1;99;4;2;2;34;6;35;2;0.00;6"
"1;321;4;1;3;28;10;134;4;0.00;8"
"1;14;23;1;2;15;8;35;1;0.00;7"
"1;25;4;8;1;12;10;4;2;0.01;8"
"1;209;9;2;1;16;18;123;1;0.00;9"
"1;14;7;6;15;15;34;171;1;0.00;9"
"1;123;4;4;27;8;12;81;6;0.00;6"
"1;8;23;1;7;16;10;4;2;0.01;7"
"1;39;4;2;7;33;1;85;2;0.00;5"
"1;61;11;6;1;4;13;4;2;0.01;7"
"1;1;26;1;1;1;16;26;2;0.00;8"
"1;180;1;15;6;11;10;1;5;0.03;7"
"1;290;19;8;12;31;2;23;4;0.00;7"
"1;28;4;1;1;1;16;85;3;0.00;5"
"1;36;6;2;1;3;15;1;3;0.01;7"
"1;24;4;6;4;31;1;1;2;0.01;8"
"1;67;4;8;1;12;10;58;2;0.00;6"
"1;20;4;8;9;9;8;101;2;0.00;8"
"1;209;9;2;1;16;18;105;1;0.00;9"
"1;20;6;6;2;18;28;30;2;0.00;8"
"1;24;4;2;1;3;41;1;2;0.01;6"
"1;96;17;1;1;9;8;56;4;0.00;4"
"1;15;4;2;1;9;33;1;1;0.01;7"
"1;322;4;4;2;19;14;142;3;0.00;4"
"1;18;8;2;23;15;17;106;2;0.00;4"
"1;20;4;8;9;9;8;1;2;0.00;8"
"1;59;18;2;1;9;12;1;2;0.03;9"
"1;84;3;2;19;9;26;142;3;0.00;7"
"1;74;17;1;1;1;12;1;2;0.04;7"
"1;17;4;3;1;3;24;44;1;0.00;8"
"1;247;4;4;18;25;26;11;6;0.00;7"
"1;14;7;5;9;9;8;1;2;0.00;9"
"1;323;4;8;1;12;28;144;2;0.00;6"
"1;24;4;2;8;9;13;4;2;0.01;6"
"1;40;4;2;2;4;13;42;2;0.00;8"
"1;28;16;5;12;31;1;166;2;0.00;9"
"1;40;6;6;2;19;15;134;3;0.00;7"
"1;3;4;2;1;7;41;103;2;0.00;6"
"1;7;9;2;9;6;13;4;2;0.01;9"
"1;324;4;8;16;15;27;20;5;0.00;4"
"1;325;6;8;1;1;16;101;1;0.00;7"
"1;102;5;2;1;3;19;3;3;0.00;6"
"1;16;4;2;2;27;8;4;2;0.01;7"
"1;209;9;2;1;12;20;123;1;0.00;9"
"1;28;16;1;2;18;17;101;2;0.00;8"
"1;21;4;2;2;26;22;4;2;0.01;7"
"1;326;9;8;1;12;20;7;1;0.01;6"
"1;74;9;3;1;14;31;23;2;0.00;8"
"1;87;4;6;2;15;13;3;3;0.01;7"
"1;244;6;1;1;11;10;44;2;0.00;8"
"1;197;6;2;9;9;5;78;2;0.00;7"
"1;14;7;1;3;4;9;1;2;0.01;9"
"1;36;4;1;7;10;16;86;2;0.00;8"
"1;13;4;2;1;6;40;146;3;0.00;7"
"1;4;4;1;7;9;16;4;4;0.41;6"
"1;114;4;5;2;18;27;101;2;0.00;7"
"1;14;7;5;2;18;41;1;2;0.01;7"
"1;84;1;1;15;3;23;6;2;0.00;6"
"1;21;6;2;2;6;22;163;1;0.00;8"
"1;27;22;8;1;9;28;20;4;0.01;6"
"1;11;4;8;22;8;9;38;3;0.00;6"
"1;14;7;2;4;9;25;1;1;0.01;8"
"1;327;4;8;1;12;1;79;6;0.00;4"
"1;71;4;1;7;4;16;119;4;0.00;5"
"1;4;12;2;2;18;25;1;2;0.04;9"
"1;87;11;14;2;14;33;81;2;0.00;8"
"1;52;4;8;7;16;29;160;4;0.00;5"
"1;243;4;8;1;7;10;3;4;0.01;6"
"1;123;4;4;27;26;26;11;6;0.00;6"
"1;14;23;2;1;26;16;1;2;0.01;8"
"1;20;6;4;2;6;22;1;3;0.01;7"
"1;40;4;4;2;19;16;104;3;0.00;7"
"1;20;11;2;2;6;13;4;2;0.01;9"
"1;72;4;8;3;35;27;33;4;0.00;8"
"1;25;4;2;9;9;26;4;2;0.01;7"
"1;36;4;2;9;14;41;4;4;0.01;8"
"1;1;1;1;1;22;1;1;2;0.01;9"
"1;4;21;2;8;9;33;137;2;0.00;8"
"1;55;4;2;7;9;7;66;4;0.00;9"
"1;100;4;8;8;18;41;150;3;0.00;5"
"1;4;7;2;1;3;1;1;2;0.03;10"
"1;291;4;9;7;9;29;182;4;0.00;5"
"1;79;8;1;1;16;14;100;4;0.00;8"
"1;32;1;1;1;21;7;3;2;0.01;8"
"1;14;23;1;9;15;2;7;2;0.01;9"
"1;32;4;2;14;32;41;3;1;0.02;9"
"1;253;27;2;2;27;26;19;2;0.01;9"
"1;4;4;2;1;16;38;1;2;0.04;6"
"1;80;4;2;14;10;8;58;4;0.00;9"
"1;32;5;2;2;6;13;1;2;0.01;9"
"1;47;8;2;1;1;1;4;2;0.08;8"
"1;3;9;8;3;28;13;99;2;0.00;7"
"1;61;4;2;1;26;25;4;2;0.01;9"
"1;14;7;1;13;6;8;191;2;0.00;8"
"1;20;4;6;1;9;22;4;3;0.00;7"
"1;74;4;4;2;19;15;3;3;0.01;7"
"1;4;21;2;2;17;13;4;2;0.01;9"
"1;14;7;7;20;22;26;4;1;0.00;9"
"1;14;7;7;1;15;14;42;1;0.01;9"
"1;143;4;7;1;3;3;22;2;0.00;5"
"1;38;4;2;2;5;22;1;3;0.01;7"
"1;24;4;6;8;9;13;1;3;0.01;8"
"1;142;4;8;31;16;1;9;5;0.00;7"
"1;24;4;5;2;18;25;26;1;0.00;8"
"1;321;4;1;4;31;2;144;4;0.00;7"
"1;19;4;8;7;9;19;3;4;0.17;6"
"1;329;4;8;1;9;28;199;3;0.00;9"
"1;14;7;1;1;1;16;1;2;0.01;7"
"1;14;2;7;1;3;7;4;1;0.01;8"
"1;8;6;1;1;22;28;7;2;0.01;8"
"1;20;16;2;9;9;8;4;2;0.01;9"
"1;36;6;8;1;9;22;89;3;0.00;7"
"1;32;2;7;9;6;13;3;1;0.00;8"
"1;14;5;8;25;15;12;28;2;0.00;6"
"1;14;23;1;1;14;28;192;2;0.00;6"
"1;78;4;8;1;1;1;78;4;0.01;6"
"1;312;4;2;1;11;3;180;3;0.00;8"
"1;27;8;1;1;1;18;3;2;0.01;6"
"1;330;4;1;9;9;2;1;4;0.01;8"
"1;331;4;1;7;6;13;117;2;0.00;8"
"1;239;26;3;1;1;16;146;2;0.00;7"
"1;7;3;2;6;20;39;1;1;0.01;9"
"1;14;23;3;2;6;17;1;2;0.01;8"
"1;1;2;1;1;23;26;47;2;0.00;8"
"1;67;4;8;1;1;18;1;4;0.03;6"
"1;24;23;4;8;28;1;3;2;0.01;8"
"1;87;4;5;2;14;33;89;2;0.01;7"
"1;85;4;2;1;1;1;123;2;0.00;8"
"1;219;6;1;1;1;10;1;2;0.01;7"
"1;8;4;1;1;1;2;9;4;0.00;6"
"1;288;4;8;2;16;21;78;4;0.01;5"
"1;40;4;1;2;3;25;179;2;0.00;7"
"1;204;4;1;7;9;23;148;2;0.00;5"
"1;25;4;6;2;16;41;4;2;0.01;8"
"1;4;4;1;18;4;21;3;5;0.03;7"
"1;1;14;9;1;24;6;7;2;0.00;5"
"1;4;4;2;1;34;26;1;1;0.01;7"
"1;4;4;2;9;9;25;1;2;0.01;8"
"1;14;7;2;3;16;21;1;2;0.01;10"
"1;197;6;2;7;9;5;185;2;0.00;5"
"1;28;6;6;1;9;31;1;2;0.01;8"
"1;87;21;4;8;6;13;1;2;0.01;8"
"1;14;7;2;3;10;21;52;4;0.00;9"
"1;27;8;1;1;1;16;3;5;0.01;8"
"1;36;6;1;1;9;2;1;2;0.01;8"
"1;4;5;2;2;6;13;1;2;0.01;8"
"1;4;4;2;1;9;22;1;3;0.01;6"
"1;72;4;8;1;11;2;50;3;0.00;5"
"1;332;18;1;1;9;26;150;2;0.01;8"
"1;333;4;2;9;22;2;52;2;0.00;6"
"1;14;9;2;1;22;24;4;1;0.01;7"
"1;4;4;2;2;18;42;4;2;0.01;8"
"1;87;6;14;2;14;33;78;2;0.00;8"
"1;4;4;3;34;5;28;1;4;0.03;7"
"1;14;23;5;9;9;13;1;2;0.01;9"
"1;55;4;1;1;1;1;169;2;0.03;6"
"1;288;4;1;1;1;1;169;2;0.06;7"
"1;55;4;1;1;1;1;169;2;0.03;6"
"1;55;17;8;7;36;1;34;2;0.00;8"
"1;27;4;8;7;9;29;115;5;0.00;8"
"1;82;4;10;1;15;16;85;1;0.00;6"
"1;98;19;8;1;6;6;145;2;0.01;7"
"1;157;4;6;19;5;1;1;2;0.01;7"
"1;24;6;6;1;9;22;1;1;0.01;7"
"1;14;7;3;4;1;7;3;2;0.01;8"
"1;4;7;2;1;1;31;125;2;0.00;8"
"1;11;4;8;2;16;13;159;2;0.00;6"
"1;259;5;6;1;9;7;6;2;0.00;7"
"1;21;4;6;2;19;15;1;3;0.01;7"
"1;20;6;2;1;20;26;4;3;0.01;9"
"1;14;7;7;1;20;10;171;3;0.00;8"
"1;287;4;2;1;1;22;106;2;0.00;8"
"1;14;23;8;1;16;26;127;2;0.01;7"
"1;114;4;5;2;18;27;89;2;0.01;7"
"1;14;9;1;1;8;26;166;3;0.00;8"
"1;247;4;4;27;15;14;11;6;0.00;8"
"1;53;18;2;1;1;31;172;2;0.00;8"
"1;326;9;8;1;12;20;32;1;0.00;7"
"1;326;9;8;1;12;20;32;1;0.00;6"
"1;334;4;3;1;16;31;23;2;0.00;7"
"1;1;2;1;1;22;28;47;2;0.00;8"
"1;1;2;1;1;23;9;47;2;0.00;8"
"1;1;2;1;1;23;26;47;2;0.00;8"
"1;1;2;1;1;23;26;47;2;0.00;8"
"1;1;2;1;1;23;26;47;2;0.00;8"
"1;137;4;8;10;6;10;49;1;0.00;6"
"1;36;6;6;19;31;1;1;3;0.01;8"
"1;24;4;1;15;9;11;1;1;0.01;9"
"1;335;4;1;2;6;13;54;2;0.00;7"
"1;30;9;2;1;9;6;9;2;0.00;8"
"1;1;14;8;2;3;23;89;2;0.00;5"
"1;14;7;5;2;18;27;150;2;0.01;7"
"1;4;4;3;7;9;2;163;5;0.00;7"
"1;58;4;4;27;15;16;85;6;0.00;5"
"1;336;4;4;27;4;26;26;6;0.00;7"
"1;21;6;6;1;17;1;1;1;0.01;8"
"1;247;4;4;2;17;32;11;6;0.00;6"
"1;14;9;1;1;3;28;1;1;0.01;8"
"1;337;4;6;1;3;15;56;3;0.00;7"
"1;7;3;2;3;21;5;7;2;0.01;9"
"1;267;4;2;2;18;10;95;2;0.00;5"
"1;338;4;2;9;14;41;101;4;0.00;8"
"1;38;21;8;2;28;25;6;2;0.00;8"
"1;25;1;1;1;12;10;1;2;0.03;7"
"1;339;4;8;2;6;27;167;4;0.00;5"
"1;309;2;2;2;4;16;35;2;0.00;7"
"1;30;9;8;2;5;2;169;2;0.00;8"
"1;87;6;4;4;9;39;6;2;0.00;9"
"1;69;4;8;24;35;25;3;4;0.03;6"
"1;4;4;2;6;18;27;1;2;0.01;8"
"1;340;28;6;9;9;13;102;2;0.00;7"
"1;155;4;1;4;28;27;85;4;0.00;8"
"1;340;5;15;2;22;28;34;2;0.00;7"
"1;5;4;9;1;1;22;18;3;0.00;6"
"1;171;4;2;2;15;41;99;2;0.00;7"
"1;98;4;3;4;5;28;49;4;0.00;8"
"1;21;9;7;1;9;20;14;2;0.00;9"
"1;341;4;2;19;16;26;11;3;0.00;6"
"1;14;7;2;2;15;13;1;2;0.01;8"
"1;4;4;6;1;12;20;1;3;0.01;7"
"1;164;4;1;27;15;34;11;6;0.00;7"
"1;67;4;8;7;9;16;117;5;0.00;8"
"1;7;3;2;1;1;28;4;2;0.08;10"
"1;28;5;5;2;18;41;1;2;0.01;7"
"1;327;4;8;1;12;33;89;3;0.00;5"
"1;20;4;7;15;8;26;1;1;0.01;8"
"1;20;6;2;2;6;13;1;2;0.01;9"
"1;20;4;2;3;14;13;3;2;0.00;9"
"1;24;4;6;2;10;27;4;2;0.01;8"
"1;40;6;2;1;19;15;1;3;0.00;7"
"1;9;9;1;1;3;1;4;2;0.01;7"
"1;19;4;4;9;9;13;1;2;0.01;8"
"1;14;7;5;9;9;8;1;2;0.00;8"
"1;14;7;5;9;9;8;1;2;0.01;9"
"1;36;17;2;1;1;19;1;1;0.01;7"
"1;14;23;2;1;26;16;6;2;0.00;8"
"1;276;1;8;1;9;18;172;5;0.00;7"
"1;14;7;9;1;6;8;4;2;0.00;7"
"1;112;4;2;3;10;8;1;3;0.00;8"
"1;342;5;6;7;4;13;1;2;0.01;8"
"1;14;7;5;2;18;41;3;2;0.00;7"
"1;25;5;15;2;22;28;1;2;0.01;8"
"1;4;9;2;1;9;6;4;2;0.01;8"
"1;105;4;8;1;1;16;166;2;0.00;8"
"1;27;8;1;1;1;1;3;5;0.01;7"
"1;288;4;8;2;16;21;167;4;0.00;5"
"1;38;5;1;2;6;13;4;2;0.01;8"
"1;14;7;2;1;32;19;145;1;0.00;7"
"1;36;29;2;2;10;10;52;2;0.00;6"
"1;55;4;2;18;29;26;78;5;0.04;7"
"1;111;4;2;2;18;41;89;2;0.01;7"
"1;20;6;2;2;8;26;1;3;0.01;8"
"1;1;14;1;29;11;10;132;2;0.00;6"
"1;202;4;8;2;16;29;36;5;0.01;6"
"1;4;4;8;1;9;2;89;2;0.01;6"
"1;27;4;8;31;9;28;20;5;0.29;6"
"1;14;7;6;15;9;26;1;1;0.01;9"
"1;114;4;5;2;18;27;89;2;0.01;7"
"1;5;6;6;2;26;22;1;3;0.01;8"
"1;21;4;2;1;9;12;1;2;0.01;8"
"1;4;7;2;9;15;2;1;2;0.01;10"
"1;28;4;8;2;8;26;79;1;0.00;4"
"1;27;4;2;2;18;25;3;2;0.02;8"
"1;289;4;8;2;34;27;91;2;0.00;6"
"1;1;26;2;1;9;8;1;1;0.01;7"
"1;219;4;3;7;9;33;187;4;0.00;5"
"1;14;23;2;1;26;16;182;2;0.00;8"
"1;4;5;2;2;6;13;1;2;0.01;9"
"1;14;7;7;1;15;14;1;1;0.01;10"
"1;38;5;1;1;3;28;49;1;0.00;8"
"1;14;7;1;1;3;17;4;2;0.01;7"
"1;80;9;8;1;1;18;70;2;0.00;7"
"1;14;23;6;1;1;16;4;2;0.01;8"
"1;5;1;6;1;21;10;1;2;0.01;8"
"1;4;4;2;1;9;22;1;2;0.01;7"
"1;13;6;2;1;19;6;4;3;0.01;6"
"1;20;4;2;2;19;8;95;3;0.01;6"
"1;1;9;2;2;18;25;1;2;0.01;9"
"1;146;4;3;7;9;22;11;2;0.00;6"
"1;14;7;1;1;1;14;4;2;0.01;8"
"1;4;4;6;4;9;33;1;2;0.01;7"
"1;202;4;8;18;35;14;127;4;0.00;5"
"1;96;4;8;2;25;19;85;6;0.00;4"
"1;27;17;2;1;6;24;1;3;0.01;7"
"1;4;1;14;9;9;8;1;2;0.01;9"
"1;5;4;9;1;1;22;1;3;0.01;6"
"1;24;4;6;9;9;26;1;2;0.01;9"
"1;14;23;3;12;9;2;6;2;0.00;8"
"1;28;3;6;2;14;13;1;2;0.01;8"
"1;14;7;1;23;6;14;25;2;0.00;9"
"1;14;7;1;3;4;9;66;2;0.00;9"
"1;14;7;1;23;6;14;86;2;0.00;9"
"1;64;1;8;1;23;1;23;2;0.00;8"
"1;114;4;5;9;9;41;89;5;0.03;8"
"1;9;9;1;1;11;10;3;2;0.01;9"
"1;32;18;2;1;14;20;3;1;0.02;9"
"1;343;4;8;3;20;41;163;1;0.00;7"
"1;4;23;2;1;1;16;67;2;0.00;8"
"1;14;7;7;1;20;10;200;3;0.00;8"
"1;344;4;2;27;26;26;93;6;0.00;7"
"1;5;4;9;1;1;22;24;3;0.00;6"
"1;85;4;2;1;14;13;34;2;0.00;8"
"1;7;3;2;2;6;25;101;2;0.00;9"
"1;312;4;2;1;1;12;62;3;0.00;9"
"1;312;4;2;1;1;12;166;3;0.00;9"
"1;14;7;1;17;31;26;1;2;0.01;7"
"1;114;4;5;9;9;41;89;2;0.01;6"
"1;232;4;8;9;20;10;81;2;0.00;7"
"1;14;7;4;3;10;8;3;2;0.01;8"
"1;20;16;7;15;18;27;3;2;0.01;9"
"1;345;8;1;1;16;14;1;4;0.03;7"
"1;346;8;1;18;4;21;133;4;0.00;7"
"1;320;4;8;19;34;35;35;3;0.00;5"
"1;9;9;1;1;9;18;1;2;0.01;7"
"1;28;4;5;9;9;13;3;2;0.01;8"
"1;20;4;6;2;19;16;1;2;0.01;8"
"1;114;4;2;1;9;20;1;1;0.01;7"
"1;74;4;2;2;14;41;1;2;0.00;7"
"1;7;29;6;1;3;3;5;2;0.00;7"
"1;7;29;6;1;3;3;5;3;0.00;7"
"1;32;5;2;2;6;13;1;2;0.01;10"
"1;25;4;2;9;9;8;4;2;0.01;9"
"1;38;6;2;1;1;41;1;3;0.01;9"
"1;161;8;1;2;12;33;74;2;0.00;6"
"1;114;4;5;9;9;13;89;2;0.01;8"
"1;347;4;2;2;16;8;97;2;0.02;7"
"1;347;4;14;1;9;16;40;2;0.01;7"
"1;87;4;4;3;17;9;1;3;0.01;9"
"1;32;4;1;12;9;29;191;4;0.00;3"
"1;7;4;2;2;10;8;6;2;0.00;7"
"1;14;23;1;1;3;18;47;1;0.00;7"
"1;65;4;8;2;4;21;56;4;0.00;7"
"1;14;23;6;8;9;13;101;2;0.00;7"
"1;348;9;2;29;36;9;1;1;0.01;8"
"1;14;7;8;1;1;16;6;2;0.00;7"
"1;4;4;8;1;1;1;47;5;0.00;6"
"1;8;4;10;12;35;13;191;4;0.00;5"
"1;349;5;1;9;28;8;34;2;0.00;7"
"1;349;4;8;9;9;10;34;4;0.00;5"
"1;61;23;2;2;10;8;4;2;0.01;7"
"1;55;4;1;1;1;1;1;2;0.03;5"
"1;348;9;2;2;5;2;61;2;0.00;9"
"1;4;5;2;1;9;31;1;1;0.01;6"
"1;4;17;2;2;15;13;4;2;0.01;7"
"1;87;5;6;2;19;8;4;3;0.01;8"
"1;157;3;6;1;21;3;1;1;0.01;9"
"1;71;4;1;2;6;27;15;4;0.00;8"
"1;71;4;1;2;6;27;73;4;0.00;8"
"1;71;4;1;2;6;27;122;4;0.00;9"
"1;24;4;6;28;15;7;142;2;0.00;5"
"1;25;4;2;1;1;1;1;2;0.01;8"
"1;350;4;3;8;10;16;90;2;0.00;7"
"1;351;4;13;7;35;16;10;4;0.00;6"
"1;352;8;1;31;4;16;116;4;0.00;7"
"1;353;4;2;1;3;1;83;1;0.00;6"
"1;71;4;2;18;3;25;18;4;0.00;9"
"1;331;4;7;1;14;31;55;2;0.00;6"
"1;87;4;4;8;18;21;20;1;0.01;6"
"1;44;6;1;8;26;26;4;1;0.01;7"
"1;20;4;14;2;10;27;20;2;0.01;8"
"1;14;7;14;9;10;8;4;2;0.01;9"
"1;30;6;14;1;9;2;4;2;0.01;8"
"1;4;4;1;2;16;14;1;5;0.02;7"
"1;3;20;1;1;1;4;101;2;0.00;6"
"1;32;4;10;31;14;17;177;4;0.00;4"
"1;32;4;10;12;9;29;191;4;0.00;5"
"1;25;6;3;1;16;26;1;1;0.01;5"
"1;126;2;2;18;10;2;1;2;0.01;9"
"1;20;4;2;1;23;25;143;3;0.00;6"
"1;62;4;4;18;4;26;77;2;0.00;6"
"1;354;4;8;1;1;1;144;5;0.00;6"
"1;355;4;8;2;4;21;7;4;0.03;6"
"1;32;4;10;12;35;13;191;4;0.00;4"
"1;347;4;8;2;16;8;132;5;0.00;6"
"1;19;4;2;1;9;6;1;2;0.01;8"
"1;4;9;2;2;5;8;1;2;0.03;9"
"1;5;5;2;2;19;13;1;3;0.01;9"
"1;1;2;1;2;3;23;95;2;0.00;6"
"1;114;4;2;1;19;8;101;3;0.00;7"
"1;209;4;2;2;6;13;127;3;0.00;6"
"1;4;3;14;1;3;1;1;1;0.01;10"
"1;25;4;2;2;18;42;4;2;0.01;9"
"1;356;27;1;15;9;28;200;4;0.00;7"
"1;4;4;8;6;18;27;132;2;0.00;7"
